t,x,y,yaw,speed,target_y,steering,left_wheel,right_wheel
0.050,2.2997,-0.0000,-0.0001,0.0062,0.00,-0.0003,-0.0003,-0.0003
0.100,2.2987,-0.0001,-0.0002,0.0198,0.00,-0.0010,-0.0010,-0.0010
0.150,2.2978,-0.0001,0.0000,0.0183,0.00,-0.0019,-0.0019,-0.0019
0.200,2.2968,-0.0001,0.0004,0.0198,0.00,-0.0027,-0.0027,-0.0027
0.250,2.2957,-0.0002,0.0007,0.0211,0.00,-0.0033,-0.0033,-0.0033
0.300,2.2946,-0.0002,0.0011,0.0222,0.00,-0.0039,-0.0039,-0.0039
0.350,2.2935,-0.0002,0.0014,0.0232,0.00,-0.0045,-0.0045,-0.0045
0.400,2.2923,-0.0002,0.0017,0.0240,0.00,-0.0049,-0.0049,-0.0049
0.450,2.2910,-0.0002,0.0020,0.0247,0.00,-0.0053,-0.0053,-0.0053
0.500,2.2898,-0.0002,0.0022,0.0254,0.00,-0.0056,-0.0056,-0.0056
0.550,2.2885,-0.0003,0.0023,0.0259,0.00,-0.0058,-0.0058,-0.0058
0.600,2.2872,-0.0003,0.0025,0.0264,0.00,-0.0061,-0.0060,-0.0061
0.650,2.2858,-0.0003,0.0026,0.0268,0.00,-0.0062,-0.0062,-0.0062
0.700,2.2845,-0.0003,0.0027,0.0271,0.00,-0.0064,-0.0064,-0.0064
0.750,2.2831,-0.0003,0.0028,0.0274,0.00,-0.0065,-0.0065,-0.0065
0.800,2.2817,-0.0003,0.0028,0.0276,0.00,-0.0066,-0.0066,-0.0066
0.850,2.2803,-0.0003,0.0029,0.0279,0.00,-0.0067,-0.0066,-0.0067
0.900,2.2789,-0.0003,0.0029,0.0281,0.00,-0.0067,-0.0067,-0.0067
0.950,2.2775,-0.0003,0.0029,0.0282,0.00,-0.0068,-0.0067,-0.0068
1.000,2.2761,-0.0003,0.0030,0.0284,0.00,-0.0068,-0.0068,-0.0068
1.050,2.2747,-0.0003,0.0030,0.0285,0.00,-0.0068,-0.0068,-0.0068
1.100,2.2732,-0.0003,0.0030,0.0286,0.00,-0.0068,-0.0068,-0.0068
1.150,2.2718,-0.0003,0.0030,0.0287,0.00,-0.0068,-0.0068,-0.0068
1.200,2.2704,-0.0003,0.0030,0.0288,0.00,-0.0068,-0.0068,-0.0068
1.250,2.2689,-0.0003,0.0030,0.0288,0.00,-0.0068,-0.0068,-0.0068
1.300,2.2675,-0.0003,0.0030,0.0289,0.00,-0.0068,-0.0068,-0.0068
1.350,2.2660,-0.0003,0.0029,0.0289,0.00,-0.0068,-0.0068,-0.0068
1.400,2.2646,-0.0003,0.0029,0.0290,0.00,-0.0068,-0.0068,-0.0068
1.450,2.2631,-0.0003,0.0029,0.0290,0.00,-0.0067,-0.0067,-0.0068
1.500,2.2617,-0.0003,0.0029,0.0291,0.00,-0.0067,-0.0067,-0.0067
1.550,2.2602,-0.0003,0.0029,0.0291,0.00,-0.0067,-0.0067,-0.0067
1.600,2.2588,-0.0003,0.0028,0.0291,0.00,-0.0067,-0.0067,-0.0067
1.650,2.2573,-0.0003,0.0028,0.0291,0.00,-0.0066,-0.0066,-0.0066
1.700,2.2558,-0.0003,0.0028,0.0291,0.00,-0.0066,-0.0066,-0.0066
1.750,2.2544,-0.0003,0.0028,0.0292,0.00,-0.0066,-0.0066,-0.0066
1.800,2.2529,-0.0003,0.0027,0.0292,0.00,-0.0065,-0.0065,-0.0065
1.850,2.2515,-0.0003,0.0027,0.0292,0.00,-0.0065,-0.0065,-0.0065
1.900,2.2500,-0.0003,0.0027,0.0292,0.00,-0.0065,-0.0064,-0.0065
1.950,2.2486,-0.0003,0.0027,0.0292,0.00,-0.0064,-0.0064,-0.0064
2.000,2.2471,-0.0003,0.0026,0.0292,0.00,-0.0064,-0.0064,-0.0064
2.050,2.2456,-0.0003,0.0026,0.0292,0.00,-0.0063,-0.0063,-0.0064
2.100,2.2442,-0.0003,0.0026,0.0292,0.00,-0.0063,-0.0063,-0.0063
2.150,2.2427,-0.0003,0.0026,0.0292,0.00,-0.0063,-0.0063,-0.0063
2.200,2.2412,-0.0003,0.0025,0.0292,0.00,-0.0062,-0.0062,-0.0062
2.250,2.2398,-0.0003,0.0025,0.0292,0.00,-0.0062,-0.0062,-0.0062
2.300,2.2383,-0.0003,0.0025,0.0292,0.00,-0.0061,-0.0061,-0.0062
2.350,2.2369,-0.0003,0.0024,0.0292,0.00,-0.0061,-0.0061,-0.0061
2.400,2.2354,-0.0003,0.0024,0.0292,0.00,-0.0061,-0.0061,-0.0061
2.450,2.2339,-0.0003,0.0024,0.0292,0.00,-0.0060,-0.0060,-0.0060
2.500,2.2325,-0.0003,0.0023,0.0292,0.00,-0.0060,-0.0060,-0.0060
2.550,2.2310,-0.0003,0.0023,0.0292,0.00,-0.0059,-0.0059,-0.0059
2.600,2.2295,-0.0003,0.0023,0.0293,0.00,-0.0059,-0.0059,-0.0059
2.650,2.2281,-0.0003,0.0023,0.0293,0.00,-0.0059,-0.0058,-0.0059
2.700,2.2266,-0.0003,0.0022,0.0293,0.00,-0.0058,-0.0058,-0.0058
2.750,2.2252,-0.0003,0.0022,0.0293,0.00,-0.0058,-0.0058,-0.0058
2.800,2.2237,-0.0003,0.0022,0.0293,0.00,-0.0057,-0.0057,-0.0057
2.850,2.2222,-0.0003,0.0021,0.0293,0.00,-0.0057,-0.0057,-0.0057
2.900,2.2208,-0.0003,0.0021,0.0293,0.00,-0.0056,-0.0056,-0.0056
2.950,2.2193,-0.0003,0.0021,0.0293,0.00,-0.0056,-0.0056,-0.0056
3.000,2.2178,-0.0003,0.0021,0.0293,0.00,-0.0056,-0.0055,-0.0056
3.050,2.2164,-0.0003,0.0020,0.0293,0.00,-0.0055,-0.0055,-0.0055
3.100,2.2149,-0.0003,0.0020,0.0293,0.00,-0.0055,-0.0055,-0.0055
3.150,2.2135,-0.0003,0.0020,0.0293,0.00,-0.0054,-0.0054,-0.0054
3.200,2.2120,-0.0003,0.0019,0.0293,0.00,-0.0054,-0.0054,-0.0054
3.250,2.2105,-0.0003,0.0019,0.0293,0.00,-0.0053,-0.0053,-0.0053
3.300,2.2091,-0.0003,0.0019,0.0293,0.00,-0.0053,-0.0053,-0.0053
3.350,2.2076,-0.0003,0.0019,0.0293,0.00,-0.0052,-0.0052,-0.0053
3.400,2.2061,-0.0003,0.0018,0.0293,0.00,-0.0052,-0.0052,-0.0052
3.450,2.2047,-0.0003,0.0018,0.0293,0.00,-0.0052,-0.0052,-0.0052
3.500,2.2032,-0.0003,0.0018,0.0293,0.00,-0.0051,-0.0051,-0.0051
3.550,2.2018,-0.0003,0.0017,0.0293,0.00,-0.0051,-0.0051,-0.0051
3.600,2.2003,-0.0003,0.0017,0.0293,0.00,-0.0050,-0.0050,-0.0050
3.650,2.1988,-0.0003,0.0017,0.0293,0.00,-0.0050,-0.0050,-0.0050
3.700,2.1974,-0.0003,0.0017,0.0293,0.00,-0.0049,-0.0049,-0.0049
3.750,2.1959,-0.0003,0.0016,0.0293,0.00,-0.0049,-0.0049,-0.0049
3.800,2.1944,-0.0003,0.0016,0.0293,0.00,-0.0049,-0.0048,-0.0049
3.850,2.1930,-0.0003,0.0016,0.0293,0.00,-0.0048,-0.0048,-0.0048
3.900,2.1915,-0.0003,0.0016,0.0293,0.00,-0.0048,-0.0048,-0.0048
3.950,2.1901,-0.0003,0.0015,0.0293,0.00,-0.0047,-0.0047,-0.0047
4.000,2.1886,-0.0002,0.0015,0.0293,0.00,-0.0047,-0.0047,-0.0047
4.050,2.1871,-0.0002,0.0015,0.0292,0.00,-0.0046,-0.0046,-0.0046
4.100,2.1857,-0.0002,0.0014,0.0292,0.00,-0.0046,-0.0046,-0.0046
4.150,2.1842,-0.0002,0.0014,0.0292,0.00,-0.0046,-0.0046,-0.0046
4.200,2.1827,-0.0002,0.0014,0.0292,0.00,-0.0045,-0.0045,-0.0045
4.250,2.1813,-0.0002,0.0014,0.0292,0.00,-0.0045,-0.0045,-0.0045
4.300,2.1798,-0.0002,0.0014,0.0292,0.00,-0.0044,-0.0044,-0.0044
4.350,2.1784,-0.0002,0.0013,0.0292,0.00,-0.0044,-0.0044,-0.0044
4.400,2.1769,-0.0002,0.0013,0.0292,0.00,-0.0044,-0.0043,-0.0044
4.450,2.1754,-0.0002,0.0013,0.0292,0.00,-0.0043,-0.0043,-0.0043
4.500,2.1740,-0.0002,0.0013,0.0292,0.00,-0.0043,-0.0043,-0.0043
4.550,2.1725,-0.0002,0.0012,0.0292,0.00,-0.0042,-0.0042,-0.0042
4.600,2.1710,-0.0002,0.0012,0.0292,0.00,-0.0042,-0.0042,-0.0042
4.650,2.1696,-0.0002,0.0012,0.0292,0.00,-0.0041,-0.0041,-0.0042
4.700,2.1681,-0.0002,0.0012,0.0292,0.00,-0.0041,-0.0041,-0.0041
4.750,2.1667,-0.0002,0.0011,0.0292,0.00,-0.0041,-0.0041,-0.0041
4.800,2.1652,-0.0002,0.0011,0.0292,0.00,-0.0040,-0.0040,-0.0040
4.850,2.1637,-0.0002,0.0011,0.0292,0.00,-0.0040,-0.0040,-0.0040
4.900,2.1623,-0.0002,0.0011,0.0292,0.00,-0.0039,-0.0039,-0.0039
4.950,2.1608,-0.0002,0.0010,0.0292,0.00,-0.0039,-0.0039,-0.0039
5.000,2.1594,-0.0002,0.0010,0.0292,0.00,-0.0039,-0.0039,-0.0039
5.050,2.1579,-0.0002,0.0010,0.0292,0.00,-0.0038,-0.0038,-0.0038
5.100,2.1564,-0.0002,0.0010,0.0292,0.00,-0.0038,-0.0038,-0.0038
5.150,2.1550,-0.0002,0.0009,0.0292,0.00,-0.0037,-0.0037,-0.0037
5.200,2.1535,-0.0002,0.0009,0.0292,0.00,-0.0037,-0.0037,-0.0037
5.250,2.1520,-0.0002,0.0009,0.0292,0.00,-0.0037,-0.0037,-0.0037
5.300,2.1506,-0.0002,0.0009,0.0292,0.00,-0.0036,-0.0036,-0.0036
5.350,2.1491,-0.0002,0.0009,0.0292,0.00,-0.0036,-0.0036,-0.0036
5.400,2.1477,-0.0002,0.0008,0.0292,0.00,-0.0035,-0.0035,-0.0035
5.450,2.1462,-0.0002,0.0008,0.0292,0.00,-0.0035,-0.0035,-0.0035
5.500,2.1447,-0.0002,0.0008,0.0292,0.00,-0.0035,-0.0035,-0.0035
5.550,2.1433,-0.0002,0.0008,0.0292,0.00,-0.0034,-0.0034,-0.0034
5.600,2.1418,-0.0002,0.0007,0.0292,0.00,-0.0034,-0.0034,-0.0034
5.650,2.1404,-0.0002,0.0007,0.0292,0.00,-0.0033,-0.0033,-0.0033
5.700,2.1389,-0.0002,0.0007,0.0292,0.00,-0.0033,-0.0033,-0.0033
5.750,2.1374,-0.0002,0.0007,0.0292,0.00,-0.0033,-0.0033,-0.0033
5.800,2.1360,-0.0002,0.0006,0.0292,0.00,-0.0032,-0.0032,-0.0032
5.850,2.1345,-0.0002,0.0006,0.0292,0.00,-0.0032,-0.0032,-0.0032
5.900,2.1330,-0.0002,0.0006,0.0292,0.00,-0.0031,-0.0031,-0.0031
5.950,2.1316,-0.0002,0.0006,0.0292,0.00,-0.0031,-0.0031,-0.0031
6.000,2.1301,-0.0002,0.0006,0.0292,0.00,-0.0031,-0.0031,-0.0031
6.050,2.1287,-0.0002,0.0005,0.0292,0.00,-0.0030,-0.0030,-0.0030
6.100,2.1272,-0.0002,0.0005,0.0292,0.00,-0.0030,-0.0030,-0.0030
6.150,2.1257,-0.0002,0.0005,0.0292,0.00,-0.0029,-0.0029,-0.0029
6.200,2.1243,-0.0002,0.0005,0.0292,0.00,-0.0029,-0.0029,-0.0029
6.250,2.1228,-0.0002,0.0005,0.0292,0.00,-0.0029,-0.0029,-0.0029
6.300,2.1214,-0.0002,0.0004,0.0292,0.00,-0.0028,-0.0028,-0.0028
6.350,2.1199,-0.0002,0.0004,0.0292,0.00,-0.0028,-0.0028,-0.0028
6.400,2.1184,-0.0002,0.0004,0.0292,0.00,-0.0028,-0.0028,-0.0028
6.450,2.1170,-0.0002,0.0004,0.0292,0.00,-0.0027,-0.0027,-0.0027
6.500,2.1155,-0.0002,0.0004,0.0292,0.00,-0.0027,-0.0027,-0.0027
6.550,2.1141,-0.0002,0.0003,0.0292,0.00,-0.0026,-0.0026,-0.0026
6.600,2.1126,-0.0002,0.0003,0.0292,0.00,-0.0026,-0.0026,-0.0026
6.650,2.1111,-0.0002,0.0003,0.0292,0.00,-0.0026,-0.0026,-0.0026
6.700,2.1097,-0.0002,0.0003,0.0292,0.00,-0.0025,-0.0025,-0.0025
6.750,2.1082,-0.0002,0.0003,0.0292,0.00,-0.0025,-0.0025,-0.0025
6.800,2.1067,-0.0002,0.0002,0.0292,0.00,-0.0025,-0.0025,-0.0025
6.850,2.1053,-0.0002,0.0002,0.0292,0.00,-0.0024,-0.0024,-0.0024
6.900,2.1038,-0.0002,0.0002,0.0292,0.00,-0.0024,-0.0024,-0.0024
6.950,2.1024,-0.0002,0.0002,0.0292,0.00,-0.0024,-0.0024,-0.0024
7.000,2.1009,-0.0002,0.0002,0.0292,0.00,-0.0023,-0.0023,-0.0023
7.050,2.0994,-0.0002,0.0002,0.0292,0.00,-0.0023,-0.0023,-0.0023
7.100,2.0980,-0.0002,0.0001,0.0292,0.00,-0.0022,-0.0022,-0.0023
7.150,2.0965,-0.0002,0.0001,0.0292,0.00,-0.0022,-0.0022,-0.0022
7.200,2.0951,-0.0002,0.0001,0.0292,0.00,-0.0022,-0.0022,-0.0022
7.250,2.0936,-0.0002,0.0001,0.0292,0.00,-0.0021,-0.0021,-0.0021
7.300,2.0921,-0.0002,0.0001,0.0292,0.00,-0.0021,-0.0021,-0.0021
7.350,2.0907,-0.0002,0.0001,0.0292,0.00,-0.0021,-0.0021,-0.0021
7.400,2.0892,-0.0002,0.0000,0.0292,0.00,-0.0020,-0.0020,-0.0020
7.450,2.0877,-0.0002,0.0000,0.0292,0.00,-0.0020,-0.0020,-0.0020
7.500,2.0863,-0.0002,0.0000,0.0292,0.00,-0.0020,-0.0020,-0.0020
7.550,2.0848,-0.0002,-0.0000,0.0292,0.00,-0.0019,-0.0019,-0.0019
7.600,2.0834,-0.0002,-0.0000,0.0292,0.00,-0.0019,-0.0019,-0.0019
7.650,2.0819,-0.0002,-0.0000,0.0292,0.00,-0.0019,-0.0019,-0.0019
7.700,2.0804,-0.0001,-0.0001,0.0292,0.00,-0.0018,-0.0018,-0.0018
7.750,2.0790,-0.0001,-0.0001,0.0292,0.00,-0.0018,-0.0018,-0.0018
7.800,2.0775,-0.0001,-0.0001,0.0292,0.00,-0.0018,-0.0018,-0.0018
7.850,2.0761,-0.0001,-0.0001,0.0292,0.00,-0.0017,-0.0017,-0.0017
7.900,2.0746,-0.0001,-0.0001,0.0292,0.00,-0.0017,-0.0017,-0.0017
7.950,2.0731,-0.0001,-0.0001,0.0292,0.00,-0.0017,-0.0017,-0.0017
8.000,2.0717,-0.0001,-0.0001,0.0292,0.00,-0.0017,-0.0017,-0.0017
8.050,2.0702,-0.0001,-0.0002,0.0292,0.00,-0.0016,-0.0016,-0.0016
8.100,2.0688,-0.0001,-0.0002,0.0292,0.00,-0.0016,-0.0016,-0.0016
8.150,2.0673,-0.0001,-0.0002,0.0292,0.00,-0.0016,-0.0016,-0.0016
8.200,2.0658,-0.0001,-0.0002,0.0292,0.00,-0.0015,-0.0015,-0.0015
8.250,2.0644,-0.0001,-0.0002,0.0292,0.00,-0.0015,-0.0015,-0.0015
8.300,2.0629,-0.0001,-0.0002,0.0292,0.00,-0.0015,-0.0015,-0.0015
8.350,2.0614,-0.0001,-0.0002,0.0292,0.00,-0.0014,-0.0014,-0.0014
8.400,2.0600,-0.0001,-0.0003,0.0292,0.00,-0.0014,-0.0014,-0.0014
8.450,2.0585,-0.0001,-0.0003,0.0292,0.00,-0.0014,-0.0014,-0.0014
8.500,2.0571,-0.0001,-0.0003,0.0292,0.00,-0.0013,-0.0013,-0.0013
8.550,2.0556,-0.0001,-0.0003,0.0292,0.00,-0.0013,-0.0013,-0.0013
8.600,2.0541,-0.0001,-0.0003,0.0292,0.00,-0.0013,-0.0013,-0.0013
8.650,2.0527,-0.0001,-0.0003,0.0292,0.00,-0.0013,-0.0013,-0.0013
8.700,2.0512,-0.0001,-0.0003,0.0292,0.00,-0.0012,-0.0012,-0.0012
8.750,2.0498,-0.0001,-0.0003,0.0292,0.00,-0.0012,-0.0012,-0.0012
8.800,2.0483,-0.0001,-0.0004,0.0292,0.00,-0.0012,-0.0012,-0.0012
8.850,2.0468,-0.0001,-0.0004,0.0292,0.00,-0.0011,-0.0011,-0.0011
8.900,2.0454,-0.0001,-0.0004,0.0292,0.00,-0.0011,-0.0011,-0.0011
8.950,2.0439,-0.0001,-0.0004,0.0292,0.00,-0.0011,-0.0011,-0.0011
9.000,2.0424,-0.0001,-0.0004,0.0292,0.00,-0.0011,-0.0011,-0.0011
9.050,2.0410,-0.0001,-0.0004,0.0292,0.00,-0.0010,-0.0010,-0.0010
9.100,2.0395,-0.0001,-0.0004,0.0292,0.00,-0.0010,-0.0010,-0.0010
9.150,2.0381,-0.0001,-0.0004,0.0292,0.00,-0.0010,-0.0010,-0.0010
9.200,2.0366,-0.0001,-0.0005,0.0292,0.00,-0.0010,-0.0010,-0.0010
9.250,2.0351,-0.0001,-0.0005,0.0292,0.00,-0.0009,-0.0009,-0.0009
9.300,2.0337,-0.0001,-0.0005,0.0292,0.00,-0.0009,-0.0009,-0.0009
9.350,2.0322,-0.0001,-0.0005,0.0292,0.00,-0.0009,-0.0009,-0.0009
9.400,2.0308,-0.0001,-0.0005,0.0292,0.00,-0.0008,-0.0008,-0.0008
9.450,2.0293,-0.0001,-0.0005,0.0292,0.00,-0.0008,-0.0008,-0.0008
9.500,2.0278,-0.0001,-0.0005,0.0292,0.00,-0.0008,-0.0008,-0.0008
9.550,2.0264,-0.0001,-0.0005,0.0292,0.00,-0.0008,-0.0008,-0.0008
9.600,2.0249,-0.0001,-0.0005,0.0292,0.00,-0.0007,-0.0007,-0.0007
9.650,2.0235,-0.0001,-0.0006,0.0292,0.00,-0.0007,-0.0007,-0.0007
9.700,2.0220,-0.0001,-0.0006,0.0292,0.00,-0.0007,-0.0007,-0.0007
9.750,2.0205,-0.0001,-0.0006,0.0292,0.00,-0.0007,-0.0007,-0.0007
9.800,2.0191,-0.0001,-0.0006,0.0292,0.00,-0.0006,-0.0006,-0.0006
9.850,2.0176,-0.0001,-0.0006,0.0292,0.00,-0.0006,-0.0006,-0.0006
9.900,2.0161,-0.0001,-0.0006,0.0292,0.00,-0.0006,-0.0006,-0.0006
9.950,2.0147,-0.0001,-0.0006,0.0292,0.00,-0.0006,-0.0006,-0.0006
10.000,2.0132,-0.0001,-0.0006,0.0292,0.00,-0.0005,-0.0005,-0.0005
10.050,2.0118,-0.0001,-0.0006,0.0292,0.00,-0.0005,-0.0005,-0.0005
10.100,2.0103,-0.0001,-0.0006,0.0292,0.00,-0.0005,-0.0005,-0.0005
10.150,2.0088,-0.0001,-0.0006,0.0292,0.00,-0.0005,-0.0005,-0.0005
10.200,2.0074,-0.0001,-0.0007,0.0292,0.00,-0.0005,-0.0005,-0.0005
10.250,2.0059,-0.0001,-0.0007,0.0292,0.00,-0.0004,-0.0004,-0.0004
10.300,2.0045,-0.0001,-0.0007,0.0292,0.00,-0.0004,-0.0004,-0.0004
10.350,2.0030,-0.0001,-0.0007,0.0292,0.00,-0.0004,-0.0004,-0.0004
10.400,2.0015,-0.0001,-0.0007,0.0292,0.00,-0.0004,-0.0004,-0.0004
10.450,2.0001,-0.0001,-0.0007,0.0292,0.00,-0.0003,-0.0003,-0.0003
10.500,1.9986,-0.0001,-0.0007,0.0292,0.00,-0.0003,-0.0003,-0.0003
10.550,1.9971,-0.0001,-0.0007,0.0292,0.00,-0.0003,-0.0003,-0.0003
10.600,1.9957,-0.0001,-0.0007,0.0292,0.00,-0.0003,-0.0003,-0.0003
10.650,1.9942,-0.0001,-0.0007,0.0292,0.00,-0.0003,-0.0003,-0.0003
10.700,1.9928,-0.0001,-0.0007,0.0292,0.00,-0.0002,-0.0002,-0.0002
10.750,1.9913,-0.0001,-0.0007,0.0292,0.00,-0.0002,-0.0002,-0.0002
10.800,1.9898,-0.0001,-0.0007,0.0292,0.00,-0.0002,-0.0002,-0.0002
10.850,1.9884,-0.0001,-0.0007,0.0292,0.00,-0.0002,-0.0002,-0.0002
10.900,1.9869,-0.0001,-0.0008,0.0292,0.00,-0.0002,-0.0002,-0.0002
10.950,1.9855,-0.0001,-0.0008,0.0292,0.00,-0.0001,-0.0001,-0.0001
11.000,1.9840,-0.0001,-0.0008,0.0292,0.00,-0.0001,-0.0001,-0.0001
11.050,1.9825,-0.0001,-0.0008,0.0292,0.00,-0.0001,-0.0001,-0.0001
11.100,1.9811,-0.0001,-0.0008,0.0292,0.00,-0.0001,-0.0001,-0.0001
11.150,1.9796,-0.0001,-0.0008,0.0292,0.00,-0.0001,-0.0001,-0.0001
11.200,1.9781,-0.0001,-0.0008,0.0292,0.00,-0.0000,-0.0000,-0.0000
11.250,1.9767,-0.0001,-0.0008,0.0292,0.00,-0.0000,-0.0000,-0.0000
11.300,1.9752,-0.0001,-0.0008,0.0292,0.00,-0.0000,-0.0000,-0.0000
11.350,1.9738,-0.0001,-0.0008,0.0292,0.00,0.0000,0.0000,0.0000
11.400,1.9723,-0.0001,-0.0008,0.0292,0.00,0.0000,0.0000,0.0000
11.450,1.9708,-0.0001,-0.0008,0.0292,0.00,0.0000,0.0000,0.0000
11.500,1.9694,-0.0001,-0.0008,0.0292,0.00,0.0001,0.0001,0.0001
11.550,1.9679,-0.0001,-0.0008,0.0292,0.00,0.0001,0.0001,0.0001
11.600,1.9665,-0.0001,-0.0008,0.0292,0.00,0.0001,0.0001,0.0001
11.650,1.9650,-0.0001,-0.0008,0.0292,0.00,0.0001,0.0001,0.0001
11.700,1.9635,-0.0001,-0.0008,0.0292,0.00,0.0001,0.0001,0.0001
11.750,1.9621,-0.0001,-0.0008,0.0292,0.00,0.0001,0.0001,0.0001
11.800,1.9606,-0.0001,-0.0008,0.0292,0.00,0.0002,0.0002,0.0002
11.850,1.9591,-0.0001,-0.0009,0.0292,0.00,0.0002,0.0002,0.0002
11.900,1.9577,-0.0001,-0.0009,0.0292,0.00,0.0002,0.0002,0.0002
11.950,1.9562,-0.0001,-0.0009,0.0292,0.00,0.0002,0.0002,0.0002
12.000,1.9548,-0.0001,-0.0009,0.0292,0.00,0.0002,0.0002,0.0002
12.050,1.9533,-0.0000,-0.0009,0.0292,0.00,0.0002,0.0002,0.0002
12.100,1.9518,-0.0000,-0.0009,0.0292,0.00,0.0003,0.0003,0.0003
12.150,1.9504,-0.0000,-0.0009,0.0292,0.00,0.0003,0.0003,0.0003
12.200,1.9489,-0.0000,-0.0009,0.0292,0.00,0.0003,0.0003,0.0003
12.250,1.9475,-0.0000,-0.0009,0.0292,0.00,0.0003,0.0003,0.0003
12.300,1.9460,-0.0000,-0.0009,0.0292,0.00,0.0003,0.0003,0.0003
12.350,1.9445,-0.0000,-0.0009,0.0292,0.00,0.0003,0.0003,0.0003
12.400,1.9431,-0.0000,-0.0009,0.0292,0.00,0.0003,0.0003,0.0003
12.450,1.9416,-0.0000,-0.0009,0.0292,0.00,0.0003,0.0003,0.0003
12.500,1.9401,-0.0000,-0.0009,0.0292,0.00,0.0004,0.0004,0.0004
12.550,1.9387,-0.0000,-0.0009,0.0292,0.00,0.0004,0.0004,0.0004
12.600,1.9372,-0.0000,-0.0009,0.0292,0.00,0.0004,0.0004,0.0004
12.650,1.9358,-0.0000,-0.0009,0.0292,0.00,0.0004,0.0004,0.0004
12.700,1.9343,-0.0000,-0.0009,0.0292,0.00,0.0004,0.0004,0.0004
12.750,1.9328,-0.0000,-0.0009,0.0292,0.00,0.0004,0.0004,0.0004
12.800,1.9314,-0.0000,-0.0009,0.0292,0.00,0.0004,0.0004,0.0004
12.850,1.9299,-0.0000,-0.0009,0.0292,0.00,0.0004,0.0004,0.0004
12.900,1.9285,-0.0000,-0.0009,0.0292,0.00,0.0004,0.0004,0.0004
12.950,1.9270,-0.0000,-0.0009,0.0292,0.00,0.0005,0.0005,0.0005
13.000,1.9255,-0.0000,-0.0009,0.0292,0.00,0.0005,0.0005,0.0005
13.050,1.9241,-0.0000,-0.0009,0.0292,0.00,0.0005,0.0005,0.0005
13.100,1.9226,-0.0000,-0.0009,0.0292,0.00,0.0005,0.0005,0.0005
13.150,1.9211,-0.0000,-0.0009,0.0292,0.00,0.0005,0.0005,0.0005
13.200,1.9197,-0.0000,-0.0009,0.0292,0.00,0.0005,0.0005,0.0005
13.250,1.9182,-0.0000,-0.0009,0.0292,0.00,0.0005,0.0005,0.0005
13.300,1.9168,-0.0000,-0.0009,0.0292,0.00,0.0005,0.0005,0.0005
13.350,1.9153,-0.0000,-0.0009,0.0292,0.00,0.0005,0.0005,0.0005
13.400,1.9138,-0.0000,-0.0009,0.0292,0.00,0.0005,0.0005,0.0005
13.450,1.9124,-0.0000,-0.0009,0.0292,0.00,0.0005,0.0005,0.0005
13.500,1.9109,-0.0000,-0.0009,0.0292,0.00,0.0006,0.0006,0.0006
13.550,1.9095,-0.0000,-0.0009,0.0292,0.00,0.0006,0.0006,0.0006
13.600,1.9080,-0.0000,-0.0009,0.0292,0.00,0.0006,0.0006,0.0006
13.650,1.9065,-0.0000,-0.0009,0.0292,0.00,0.0006,0.0006,0.0006
13.700,1.9051,-0.0000,-0.0009,0.0292,0.00,0.0006,0.0006,0.0006
13.750,1.9036,-0.0000,-0.0009,0.0292,0.00,0.0006,0.0006,0.0006
13.800,1.9021,-0.0000,-0.0009,0.0292,0.00,0.0006,0.0006,0.0006
13.850,1.9007,-0.0000,-0.0009,0.0292,0.00,0.0006,0.0006,0.0006
13.900,1.8992,-0.0000,-0.0009,0.0292,0.00,0.0006,0.0006,0.0006
13.950,1.8978,-0.0000,-0.0009,0.0292,0.00,0.0006,0.0006,0.0006
14.000,1.8963,-0.0000,-0.0009,0.0292,0.00,0.0006,0.0006,0.0006
14.050,1.8948,-0.0000,-0.0009,0.0292,0.00,0.0006,0.0006,0.0006
14.100,1.8934,-0.0000,-0.0009,0.0292,0.00,0.0006,0.0006,0.0006
14.150,1.8919,-0.0000,-0.0009,0.0292,0.00,0.0006,0.0006,0.0006
14.200,1.8905,-0.0000,-0.0009,0.0292,0.00,0.0006,0.0006,0.0006
14.250,1.8890,-0.0000,-0.0009,0.0292,0.00,0.0006,0.0006,0.0006
14.300,1.8875,-0.0000,-0.0009,0.0292,0.00,0.0006,0.0006,0.0006
14.350,1.8861,-0.0000,-0.0009,0.0292,0.00,0.0006,0.0007,0.0006
14.400,1.8846,-0.0000,-0.0009,0.0292,0.00,0.0007,0.0007,0.0007
14.450,1.8831,-0.0000,-0.0009,0.0292,0.00,0.0007,0.0007,0.0007
14.500,1.8817,-0.0000,-0.0009,0.0292,0.00,0.0007,0.0007,0.0007
14.550,1.8802,-0.0000,-0.0009,0.0292,0.00,0.0007,0.0007,0.0007
14.600,1.8788,-0.0000,-0.0009,0.0292,0.00,0.0007,0.0007,0.0007
14.650,1.8773,-0.0000,-0.0009,0.0292,0.00,0.0007,0.0007,0.0007
14.700,1.8758,-0.0000,-0.0009,0.0292,0.00,0.0007,0.0007,0.0007
14.750,1.8744,-0.0000,-0.0009,0.0292,0.00,0.0007,0.0007,0.0007
14.800,1.8729,-0.0000,-0.0009,0.0292,0.00,0.0007,0.0007,0.0007
14.850,1.8715,-0.0000,-0.0009,0.0292,0.00,0.0007,0.0007,0.0007
14.900,1.8700,-0.0000,-0.0009,0.0292,0.00,0.0007,0.0007,0.0007
14.950,1.8685,-0.0000,-0.0009,0.0292,0.00,0.0007,0.0007,0.0007
15.000,1.8671,-0.0000,-0.0009,0.0292,0.00,0.0007,0.0007,0.0007
15.050,1.8656,-0.0000,-0.0009,0.0292,0.00,0.0007,0.0007,0.0007
15.100,1.8641,-0.0000,-0.0009,0.0292,0.00,0.0007,0.0007,0.0007
15.150,1.8627,-0.0000,-0.0008,0.0292,0.00,0.0007,0.0007,0.0007
15.200,1.8612,-0.0000,-0.0008,0.0292,0.00,0.0007,0.0007,0.0007
15.250,1.8598,-0.0000,-0.0008,0.0292,0.00,0.0007,0.0007,0.0007
15.300,1.8583,-0.0000,-0.0008,0.0292,0.00,0.0007,0.0007,0.0007
15.350,1.8568,-0.0000,-0.0008,0.0292,0.00,0.0007,0.0007,0.0007
15.400,1.8554,-0.0000,-0.0008,0.0292,0.00,0.0007,0.0007,0.0007
15.450,1.8539,-0.0000,-0.0008,0.0292,0.00,0.0007,0.0007,0.0007
15.500,1.8525,-0.0000,-0.0008,0.0292,0.00,0.0007,0.0007,0.0007
15.550,1.8510,-0.0000,-0.0008,0.0292,0.00,0.0007,0.0007,0.0007
15.600,1.8495,-0.0000,-0.0008,0.0292,0.00,0.0007,0.0007,0.0007
15.650,1.8481,-0.0000,-0.0008,0.0292,0.00,0.0007,0.0007,0.0007
15.700,1.8466,-0.0000,-0.0008,0.0292,0.00,0.0007,0.0007,0.0007
15.750,1.8451,-0.0000,-0.0008,0.0292,0.00,0.0007,0.0007,0.0007
15.800,1.8437,-0.0000,-0.0008,0.0292,0.00,0.0007,0.0007,0.0007
15.850,1.8422,-0.0000,-0.0008,0.0292,0.00,0.0007,0.0007,0.0007
15.900,1.8408,-0.0000,-0.0008,0.0292,0.00,0.0007,0.0007,0.0007
15.950,1.8393,-0.0000,-0.0008,0.0292,0.00,0.0007,0.0007,0.0007
16.000,1.8378,-0.0000,-0.0008,0.0292,0.00,0.0007,0.0007,0.0007
16.050,1.8364,-0.0000,-0.0008,0.0292,0.00,0.0007,0.0007,0.0007
16.100,1.8349,-0.0000,-0.0008,0.0292,0.00,0.0007,0.0007,0.0007
16.150,1.8334,-0.0000,-0.0008,0.0292,0.00,0.0007,0.0007,0.0007
16.200,1.8320,-0.0000,-0.0008,0.0292,0.00,0.0007,0.0007,0.0007
16.250,1.8305,-0.0000,-0.0007,0.0292,0.00,0.0007,0.0007,0.0007
16.300,1.8291,-0.0000,-0.0007,0.0292,0.00,0.0006,0.0006,0.0006
16.350,1.8276,-0.0000,-0.0007,0.0292,0.00,0.0006,0.0006,0.0006
16.400,1.8261,-0.0000,-0.0007,0.0292,0.00,0.0006,0.0006,0.0006
16.450,1.8247,-0.0000,-0.0007,0.0292,0.00,0.0006,0.0006,0.0006
16.500,1.8232,-0.0000,-0.0007,0.0292,0.00,0.0006,0.0006,0.0006
16.550,1.8218,-0.0000,-0.0007,0.0292,0.00,0.0006,0.0006,0.0006
16.600,1.8203,-0.0000,-0.0007,0.0292,0.00,0.0006,0.0006,0.0006
16.650,1.8188,-0.0000,-0.0007,0.0292,0.00,0.0006,0.0006,0.0006
16.700,1.8174,-0.0000,-0.0007,0.0292,0.00,0.0006,0.0006,0.0006
16.750,1.8159,-0.0000,-0.0007,0.0292,0.00,0.0006,0.0006,0.0006
16.800,1.8144,-0.0000,-0.0007,0.0292,0.00,0.0006,0.0006,0.0006
16.850,1.8130,-0.0000,-0.0007,0.0292,0.00,0.0006,0.0006,0.0006
16.900,1.8115,-0.0000,-0.0007,0.0292,0.00,0.0006,0.0006,0.0006
16.950,1.8101,-0.0000,-0.0007,0.0292,0.00,0.0006,0.0006,0.0006
17.000,1.8086,-0.0000,-0.0007,0.0292,0.00,0.0006,0.0006,0.0006
17.050,1.8071,-0.0000,-0.0006,0.0292,0.00,0.0006,0.0006,0.0006
17.100,1.8057,-0.0000,-0.0006,0.0292,0.00,0.0005,0.0005,0.0005
17.150,1.8042,-0.0000,-0.0006,0.0292,0.00,0.0005,0.0005,0.0005
17.200,1.8027,-0.0000,-0.0006,0.0292,0.00,0.0005,0.0005,0.0005
17.250,1.8013,-0.0000,-0.0006,0.0292,0.00,0.0005,0.0005,0.0005
17.300,1.7998,-0.0000,-0.0006,0.0292,0.00,0.0005,0.0005,0.0005
17.350,1.7984,-0.0000,-0.0006,0.0292,0.00,0.0005,0.0005,0.0005
17.400,1.7969,-0.0000,-0.0006,0.0292,0.00,0.0005,0.0005,0.0005
17.450,1.7954,-0.0000,-0.0006,0.0292,0.00,0.0005,0.0005,0.0005
17.500,1.7940,-0.0000,-0.0006,0.0292,0.00,0.0005,0.0005,0.0005
17.550,1.7925,-0.0000,-0.0006,0.0292,0.00,0.0005,0.0005,0.0005
17.600,1.7911,-0.0000,-0.0006,0.0292,0.00,0.0005,0.0005,0.0005
17.650,1.7896,-0.0000,-0.0006,0.0292,0.00,0.0005,0.0005,0.0005
17.700,1.7881,-0.0000,-0.0006,0.0292,0.00,0.0005,0.0005,0.0005
17.750,1.7867,-0.0000,-0.0006,0.0292,0.00,0.0005,0.0005,0.0005
17.800,1.7852,-0.0000,-0.0006,0.0292,0.00,0.0005,0.0005,0.0005
17.850,1.7837,-0.0000,-0.0006,0.0292,0.00,0.0005,0.0005,0.0005
17.900,1.7823,-0.0000,-0.0006,0.0292,0.00,0.0005,0.0005,0.0005
17.950,1.7808,-0.0000,-0.0006,0.0292,0.00,0.0005,0.0005,0.0005
18.000,1.7794,-0.0000,-0.0006,0.0292,0.00,0.0005,0.0005,0.0005
18.050,1.7779,-0.0000,-0.0006,0.0292,0.00,0.0005,0.0005,0.0005
18.100,1.7764,-0.0000,-0.0005,0.0292,0.00,0.0005,0.0005,0.0005
18.150,1.7750,-0.0000,-0.0005,0.0292,0.00,0.0005,0.0005,0.0005
18.200,1.7735,-0.0000,-0.0005,0.0292,0.00,0.0004,0.0004,0.0004
18.250,1.7720,-0.0000,-0.0005,0.0292,0.00,0.0004,0.0004,0.0004
18.300,1.7706,-0.0000,-0.0005,0.0292,0.00,0.0004,0.0004,0.0004
18.350,1.7691,-0.0000,-0.0005,0.0292,0.00,0.0004,0.0004,0.0004
18.400,1.7677,-0.0000,-0.0005,0.0292,0.00,0.0004,0.0004,0.0004
18.450,1.7662,-0.0000,-0.0005,0.0292,0.00,0.0004,0.0004,0.0004
18.500,1.7647,-0.0000,-0.0005,0.0293,0.00,0.0004,0.0004,0.0004
18.550,1.7633,-0.0000,-0.0005,0.0293,0.00,0.0004,0.0004,0.0004
18.600,1.7618,-0.0000,-0.0005,0.0293,0.00,0.0004,0.0004,0.0004
18.650,1.7603,-0.0000,-0.0005,0.0293,0.00,0.0004,0.0004,0.0004
18.700,1.7589,-0.0000,-0.0005,0.0293,0.00,0.0004,0.0004,0.0004
18.750,1.7574,-0.0000,-0.0005,0.0293,0.00,0.0004,0.0004,0.0004
18.800,1.7559,-0.0000,-0.0005,0.0293,0.00,0.0004,0.0004,0.0004
18.850,1.7545,-0.0000,-0.0005,0.0293,0.00,0.0004,0.0004,0.0004
18.900,1.7530,-0.0000,-0.0005,0.0293,0.00,0.0004,0.0004,0.0004
18.950,1.7516,-0.0000,-0.0005,0.0293,0.00,0.0004,0.0004,0.0004
19.000,1.7501,-0.0000,-0.0005,0.0293,0.00,0.0004,0.0004,0.0004
19.050,1.7486,-0.0000,-0.0005,0.0293,0.00,0.0004,0.0004,0.0004
19.100,1.7472,-0.0000,-0.0005,0.0293,0.00,0.0004,0.0004,0.0004
19.150,1.7457,-0.0000,-0.0005,0.0293,0.00,0.0004,0.0004,0.0004
19.200,1.7442,-0.0000,-0.0005,0.0293,0.00,0.0004,0.0004,0.0004
19.250,1.7428,-0.0000,-0.0005,0.0293,0.00,0.0004,0.0004,0.0004
19.300,1.7413,-0.0000,-0.0005,0.0293,0.00,0.0004,0.0004,0.0004
19.350,1.7398,-0.0000,-0.0005,0.0293,0.00,0.0004,0.0004,0.0004
19.400,1.7384,-0.0000,-0.0005,0.0293,0.00,0.0004,0.0004,0.0004
19.450,1.7369,-0.0000,-0.0005,0.0293,0.00,0.0004,0.0004,0.0004
19.500,1.7355,-0.0000,-0.0004,0.0293,0.00,0.0004,0.0004,0.0004
19.550,1.7340,0.0000,-0.0004,0.0293,0.00,0.0004,0.0004,0.0004
19.600,1.7325,0.0000,-0.0004,0.0293,0.00,0.0004,0.0004,0.0004
19.650,1.7311,0.0000,-0.0004,0.0293,0.00,0.0004,0.0004,0.0004
19.700,1.7296,0.0000,-0.0004,0.0293,0.00,0.0004,0.0004,0.0004
19.750,1.7281,0.0000,-0.0004,0.0293,0.00,0.0004,0.0004,0.0004
19.800,1.7267,0.0000,-0.0004,0.0293,0.00,0.0004,0.0004,0.0004
19.850,1.7252,0.0000,-0.0004,0.0293,0.00,0.0004,0.0004,0.0004
19.900,1.7237,0.0000,-0.0004,0.0293,0.00,0.0004,0.0004,0.0004
19.950,1.7223,0.0000,-0.0004,0.0293,0.00,0.0004,0.0004,0.0004
20.000,1.7208,0.0000,-0.0004,0.0293,0.00,0.0004,0.0004,0.0004
20.050,1.7194,0.0000,-0.0004,0.0293,0.00,0.0004,0.0004,0.0004
20.100,1.7179,0.0000,-0.0004,0.0293,0.00,0.0004,0.0004,0.0004
20.150,1.7164,0.0000,-0.0004,0.0293,0.00,0.0004,0.0004,0.0004
20.200,1.7150,0.0000,-0.0004,0.0293,0.00,0.0004,0.0004,0.0004
20.250,1.7135,0.0000,-0.0004,0.0293,0.00,0.0004,0.0004,0.0004
20.300,1.7120,0.0000,-0.0004,0.0293,0.00,0.0004,0.0004,0.0004
20.350,1.7106,0.0000,-0.0004,0.0293,0.00,0.0004,0.0004,0.0004
20.400,1.7091,0.0000,-0.0004,0.0293,0.00,0.0004,0.0004,0.0004
20.450,1.7076,0.0000,-0.0004,0.0293,0.00,0.0004,0.0004,0.0004
20.500,1.7062,0.0000,-0.0004,0.0293,0.00,0.0004,0.0004,0.0004
20.550,1.7047,0.0000,-0.0004,0.0293,0.00,0.0004,0.0004,0.0004
20.600,1.7033,0.0000,-0.0004,0.0293,0.00,0.0004,0.0004,0.0004
20.650,1.7018,0.0000,-0.0004,0.0293,0.00,0.0004,0.0004,0.0004
20.700,1.7003,0.0000,-0.0003,0.0293,0.00,0.0004,0.0004,0.0004
20.750,1.6989,0.0000,-0.0003,0.0293,0.00,0.0004,0.0004,0.0004
20.800,1.6974,0.0000,-0.0003,0.0293,0.00,0.0004,0.0004,0.0004
20.850,1.6959,0.0000,-0.0003,0.0293,0.00,0.0004,0.0004,0.0004
20.900,1.6945,0.0000,-0.0003,0.0293,0.00,0.0004,0.0004,0.0004
20.950,1.6930,0.0000,-0.0003,0.0293,0.00,0.0004,0.0004,0.0004
21.000,1.6915,0.0000,-0.0003,0.0293,0.00,0.0004,0.0004,0.0004
21.050,1.6901,0.0000,-0.0003,0.0293,0.00,0.0004,0.0004,0.0004
21.100,1.6886,0.0000,-0.0003,0.0293,0.00,0.0004,0.0004,0.0004
21.150,1.6872,0.0000,-0.0003,0.0293,0.00,0.0004,0.0004,0.0004
21.200,1.6857,0.0000,-0.0003,0.0293,0.00,0.0004,0.0004,0.0004
21.250,1.6842,0.0000,-0.0003,0.0293,0.00,0.0004,0.0004,0.0004
21.300,1.6828,0.0000,-0.0003,0.0293,0.00,0.0004,0.0004,0.0004
21.350,1.6813,0.0000,-0.0003,0.0293,0.00,0.0004,0.0004,0.0004
21.400,1.6798,0.0000,-0.0003,0.0293,0.00,0.0004,0.0004,0.0004
21.450,1.6784,0.0000,-0.0003,0.0293,0.00,0.0004,0.0004,0.0004
21.500,1.6769,0.0000,-0.0003,0.0293,0.00,0.0004,0.0004,0.0004
21.550,1.6754,0.0000,-0.0003,0.0293,0.00,0.0004,0.0004,0.0004
21.600,1.6740,0.0000,-0.0003,0.0293,0.00,0.0004,0.0004,0.0004
21.650,1.6725,0.0000,-0.0003,0.0293,0.00,0.0004,0.0004,0.0004
21.700,1.6711,0.0000,-0.0003,0.0293,0.00,0.0004,0.0004,0.0004
21.750,1.6696,0.0000,-0.0003,0.0293,0.00,0.0004,0.0004,0.0004
21.800,1.6681,0.0000,-0.0003,0.0293,0.00,0.0004,0.0004,0.0004
21.850,1.6667,0.0000,-0.0003,0.0293,0.00,0.0004,0.0004,0.0004
21.900,1.6652,0.0000,-0.0003,0.0293,0.00,0.0004,0.0004,0.0004
21.950,1.6637,0.0000,-0.0003,0.0293,0.00,0.0004,0.0004,0.0004
22.000,1.6623,0.0000,-0.0002,0.0293,0.20,-0.5236,-0.4715,-0.5871
22.050,1.6608,0.0000,0.0037,0.0293,0.20,-0.5236,-0.4715,-0.5871
22.100,1.6591,-0.0001,0.0123,0.0332,0.20,-0.5236,-0.4715,-0.5871
22.150,1.6574,-0.0004,0.0226,0.0360,0.20,-0.5236,-0.4715,-0.5871
22.200,1.6552,-0.0007,0.0354,0.0442,0.20,-0.5236,-0.4715,-0.5871
22.250,1.6525,-0.0006,0.0448,0.0531,0.20,-0.5236,-0.4715,-0.5871
22.300,1.6498,-0.0002,0.0481,0.0552,0.20,-0.5236,-0.4715,-0.5871
22.350,1.6474,0.0004,0.0425,0.0490,0.20,-0.5236,-0.4715,-0.5871
22.400,1.6454,0.0009,0.0361,0.0416,0.20,-0.5236,-0.4715,-0.5871
22.450,1.6436,0.0014,0.0301,0.0373,0.20,-0.5236,-0.4715,-0.5871
22.500,1.6419,0.0018,0.0245,0.0350,0.20,-0.5236,-0.4715,-0.5871
22.550,1.6403,0.0022,0.0193,0.0333,0.20,-0.5236,-0.4715,-0.5871
22.600,1.6388,0.0026,0.0146,0.0321,0.20,-0.5236,-0.4715,-0.5871
22.650,1.6373,0.0031,0.0104,0.0311,0.20,-0.5236,-0.4715,-0.5871
22.700,1.6358,0.0035,0.0065,0.0303,0.20,-0.5236,-0.4715,-0.5871
22.750,1.6344,0.0039,0.0027,0.0291,0.20,-0.5236,-0.4715,-0.5871
22.800,1.6331,0.0044,-0.0014,0.0277,0.20,-0.5236,-0.4715,-0.5871
22.850,1.6318,0.0048,-0.0055,0.0278,0.20,-0.5236,-0.4715,-0.5871
22.900,1.6305,0.0053,-0.0096,0.0278,0.20,-0.5236,-0.4715,-0.5871
22.950,1.6292,0.0057,-0.0136,0.0278,0.20,-0.5236,-0.4715,-0.5871
23.000,1.6279,0.0062,-0.0177,0.0278,0.20,-0.5236,-0.4715,-0.5871
23.050,1.6265,0.0067,-0.0217,0.0278,0.20,-0.5236,-0.4715,-0.5871
23.100,1.6252,0.0071,-0.0258,0.0278,0.20,-0.5236,-0.4715,-0.5871
23.150,1.6239,0.0076,-0.0298,0.0279,0.20,-0.5236,-0.4715,-0.5871
23.200,1.6226,0.0081,-0.0338,0.0279,0.20,-0.5236,-0.4715,-0.5871
23.250,1.6213,0.0086,-0.0377,0.0279,0.20,-0.5236,-0.4715,-0.5871
23.300,1.6200,0.0091,-0.0417,0.0279,0.20,-0.5236,-0.4715,-0.5871
23.350,1.6187,0.0096,-0.0457,0.0279,0.20,-0.5236,-0.4715,-0.5871
23.400,1.6174,0.0101,-0.0496,0.0279,0.20,-0.5236,-0.4715,-0.5871
23.450,1.6161,0.0106,-0.0536,0.0279,0.20,-0.5236,-0.4715,-0.5871
23.500,1.6148,0.0111,-0.0576,0.0279,0.20,-0.5236,-0.4715,-0.5871
23.550,1.6135,0.0116,-0.0616,0.0279,0.20,-0.5236,-0.4715,-0.5871
23.600,1.6122,0.0122,-0.0655,0.0279,0.20,-0.5236,-0.4715,-0.5871
23.650,1.6109,0.0127,-0.0695,0.0279,0.20,-0.5236,-0.4715,-0.5871
23.700,1.6097,0.0132,-0.0735,0.0279,0.20,-0.5236,-0.4715,-0.5871
23.750,1.6084,0.0138,-0.0775,0.0279,0.20,-0.5236,-0.4715,-0.5871
23.800,1.6071,0.0143,-0.0815,0.0279,0.20,-0.5236,-0.4715,-0.5871
23.850,1.6058,0.0149,-0.0855,0.0279,0.20,-0.5236,-0.4715,-0.5871
23.900,1.6045,0.0154,-0.0895,0.0279,0.20,-0.5236,-0.4715,-0.5871
23.950,1.6033,0.0160,-0.0934,0.0279,0.20,-0.5236,-0.4715,-0.5871
24.000,1.6020,0.0166,-0.0974,0.0279,0.20,-0.5236,-0.4715,-0.5871
24.050,1.6007,0.0171,-0.1014,0.0279,0.20,-0.5236,-0.4715,-0.5871
24.100,1.5994,0.0177,-0.1054,0.0279,0.20,-0.5236,-0.4715,-0.5871
24.150,1.5982,0.0183,-0.1094,0.0279,0.20,-0.5236,-0.4715,-0.5871
24.200,1.5969,0.0189,-0.1134,0.0279,0.20,-0.5236,-0.4715,-0.5871
24.250,1.5957,0.0195,-0.1174,0.0279,0.20,-0.5236,-0.4715,-0.5871
24.300,1.5944,0.0201,-0.1214,0.0279,0.20,-0.5236,-0.4715,-0.5871
24.350,1.5931,0.0207,-0.1254,0.0279,0.20,-0.5236,-0.4715,-0.5871
24.400,1.5919,0.0213,-0.1294,0.0279,0.20,-0.5236,-0.4715,-0.5871
24.450,1.5906,0.0219,-0.1333,0.0279,0.20,-0.5236,-0.4715,-0.5871
24.500,1.5894,0.0225,-0.1373,0.0279,0.20,-0.5236,-0.4715,-0.5871
24.550,1.5881,0.0231,-0.1413,0.0279,0.20,-0.5236,-0.4715,-0.5871
24.600,1.5869,0.0238,-0.1453,0.0279,0.20,-0.5236,-0.4715,-0.5871
24.650,1.5857,0.0244,-0.1493,0.0279,0.20,-0.5236,-0.4715,-0.5871
24.700,1.5844,0.0250,-0.1533,0.0279,0.20,-0.5236,-0.4715,-0.5871
24.750,1.5832,0.0257,-0.1573,0.0279,0.20,-0.5236,-0.4715,-0.5871
24.800,1.5819,0.0263,-0.1613,0.0279,0.20,-0.5236,-0.4715,-0.5871
24.850,1.5807,0.0270,-0.1653,0.0279,0.20,-0.5236,-0.4715,-0.5871
24.900,1.5795,0.0276,-0.1693,0.0279,0.20,-0.5236,-0.4715,-0.5871
24.950,1.5783,0.0283,-0.1733,0.0279,0.20,-0.5236,-0.4715,-0.5871
25.000,1.5770,0.0290,-0.1772,0.0279,0.20,-0.5236,-0.4715,-0.5871
25.050,1.5758,0.0296,-0.1812,0.0279,0.20,-0.5236,-0.4715,-0.5871
25.100,1.5746,0.0303,-0.1852,0.0279,0.20,-0.5236,-0.4715,-0.5871
25.150,1.5734,0.0310,-0.1892,0.0279,0.20,-0.5236,-0.4715,-0.5871
25.200,1.5722,0.0317,-0.1932,0.0279,0.20,-0.5236,-0.4715,-0.5871
25.250,1.5710,0.0324,-0.1972,0.0279,0.20,-0.5236,-0.4715,-0.5871
25.300,1.5698,0.0331,-0.2012,0.0279,0.20,-0.5236,-0.4715,-0.5871
25.350,1.5685,0.0338,-0.2052,0.0279,0.20,-0.5236,-0.4715,-0.5871
25.400,1.5673,0.0345,-0.2092,0.0279,0.20,-0.5236,-0.4715,-0.5871
25.450,1.5661,0.0352,-0.2132,0.0279,0.20,-0.5236,-0.4715,-0.5871
25.500,1.5650,0.0359,-0.2171,0.0279,0.20,-0.5236,-0.4715,-0.5871
25.550,1.5638,0.0366,-0.2211,0.0279,0.20,-0.5236,-0.4715,-0.5871
25.600,1.5626,0.0373,-0.2251,0.0279,0.20,-0.5236,-0.4715,-0.5871
25.650,1.5614,0.0381,-0.2291,0.0279,0.20,-0.5236,-0.4715,-0.5871
25.700,1.5602,0.0388,-0.2331,0.0279,0.20,-0.5236,-0.4715,-0.5871
25.750,1.5590,0.0396,-0.2371,0.0279,0.20,-0.5236,-0.4715,-0.5871
25.800,1.5578,0.0403,-0.2411,0.0279,0.20,-0.5236,-0.4715,-0.5871
25.850,1.5567,0.0410,-0.2451,0.0279,0.20,-0.5236,-0.4715,-0.5871
25.900,1.5555,0.0418,-0.2491,0.0279,0.20,-0.5236,-0.4715,-0.5871
25.950,1.5543,0.0426,-0.2530,0.0279,0.20,-0.5236,-0.4715,-0.5871
26.000,1.5532,0.0433,-0.2570,0.0279,0.20,-0.5236,-0.4715,-0.5871
26.050,1.5520,0.0441,-0.2610,0.0279,0.20,-0.5236,-0.4715,-0.5871
26.100,1.5508,0.0449,-0.2650,0.0279,0.20,-0.5236,-0.4715,-0.5871
26.150,1.5497,0.0456,-0.2690,0.0279,0.20,-0.5236,-0.4715,-0.5871
26.200,1.5485,0.0464,-0.2730,0.0279,0.20,-0.5236,-0.4715,-0.5871
26.250,1.5474,0.0472,-0.2769,0.0279,0.20,-0.5236,-0.4715,-0.5871
26.300,1.5462,0.0480,-0.2809,0.0279,0.20,-0.5236,-0.4715,-0.5871
26.350,1.5451,0.0488,-0.2849,0.0279,0.20,-0.5236,-0.4715,-0.5871
26.400,1.5439,0.0496,-0.2889,0.0279,0.20,-0.5236,-0.4715,-0.5871
26.450,1.5428,0.0504,-0.2929,0.0279,0.20,-0.5236,-0.4715,-0.5871
26.500,1.5417,0.0512,-0.2969,0.0279,0.20,-0.5236,-0.4715,-0.5871
26.550,1.5405,0.0520,-0.3008,0.0279,0.20,-0.5236,-0.4715,-0.5871
26.600,1.5394,0.0528,-0.3048,0.0279,0.20,-0.5236,-0.4715,-0.5871
26.650,1.5383,0.0536,-0.3088,0.0279,0.20,-0.5236,-0.4715,-0.5871
26.700,1.5372,0.0545,-0.3128,0.0279,0.20,-0.5236,-0.4715,-0.5871
26.750,1.5360,0.0553,-0.3168,0.0279,0.20,-0.5236,-0.4715,-0.5871
26.800,1.5349,0.0561,-0.3207,0.0279,0.20,-0.5236,-0.4715,-0.5871
26.850,1.5338,0.0570,-0.3247,0.0279,0.20,-0.5236,-0.4715,-0.5871
26.900,1.5327,0.0578,-0.3287,0.0279,0.20,-0.5236,-0.4715,-0.5871
26.950,1.5316,0.0587,-0.3327,0.0279,0.20,-0.5236,-0.4715,-0.5871
27.000,1.5305,0.0595,-0.3366,0.0279,0.20,-0.5236,-0.4715,-0.5871
27.050,1.5294,0.0604,-0.3406,0.0279,0.20,-0.5236,-0.4715,-0.5871
27.100,1.5283,0.0612,-0.3446,0.0279,0.20,-0.5236,-0.4715,-0.5871
27.150,1.5272,0.0621,-0.3486,0.0279,0.20,-0.5236,-0.4715,-0.5871
27.200,1.5261,0.0630,-0.3525,0.0279,0.20,-0.5236,-0.4715,-0.5871
27.250,1.5250,0.0638,-0.3565,0.0279,0.20,-0.5236,-0.4715,-0.5871
27.300,1.5239,0.0647,-0.3605,0.0279,0.20,-0.5236,-0.4715,-0.5871
27.350,1.5229,0.0656,-0.3645,0.0279,0.20,-0.5236,-0.4715,-0.5871
27.400,1.5218,0.0665,-0.3685,0.0279,0.20,-0.5236,-0.4715,-0.5871
27.450,1.5207,0.0674,-0.3724,0.0279,0.20,-0.5236,-0.4715,-0.5871
27.500,1.5196,0.0683,-0.3764,0.0279,0.20,-0.5236,-0.4715,-0.5871
27.550,1.5186,0.0692,-0.3804,0.0279,0.20,-0.5236,-0.4715,-0.5871
27.600,1.5175,0.0701,-0.3844,0.0279,0.20,-0.5236,-0.4715,-0.5871
27.650,1.5165,0.0710,-0.3884,0.0279,0.20,-0.5236,-0.4715,-0.5871
27.700,1.5154,0.0719,-0.3924,0.0279,0.20,-0.5236,-0.4715,-0.5871
27.750,1.5144,0.0728,-0.3963,0.0279,0.20,-0.5236,-0.4715,-0.5871
27.800,1.5133,0.0738,-0.4003,0.0279,0.20,-0.5236,-0.4715,-0.5871
27.850,1.5123,0.0747,-0.4043,0.0279,0.20,-0.5236,-0.4715,-0.5871
27.900,1.5112,0.0756,-0.4083,0.0279,0.20,-0.5236,-0.4715,-0.5871
27.950,1.5102,0.0765,-0.4123,0.0279,0.20,-0.5236,-0.4715,-0.5871
28.000,1.5092,0.0775,-0.4163,0.0279,0.20,-0.5236,-0.4715,-0.5871
28.050,1.5082,0.0784,-0.4203,0.0279,0.20,-0.5236,-0.4715,-0.5871
28.100,1.5071,0.0794,-0.4242,0.0279,0.20,-0.5236,-0.4715,-0.5871
28.150,1.5061,0.0803,-0.4282,0.0279,0.20,-0.5236,-0.4715,-0.5871
28.200,1.5051,0.0813,-0.4322,0.0279,0.20,-0.5236,-0.4715,-0.5871
28.250,1.5041,0.0822,-0.4362,0.0279,0.20,-0.5236,-0.4715,-0.5871
28.300,1.5031,0.0832,-0.4402,0.0279,0.20,-0.5236,-0.4715,-0.5871
28.350,1.5021,0.0842,-0.4442,0.0279,0.20,-0.5236,-0.4715,-0.5871
28.400,1.5011,0.0851,-0.4481,0.0279,0.20,-0.5236,-0.4715,-0.5871
28.450,1.5001,0.0861,-0.4521,0.0279,0.20,-0.5236,-0.4715,-0.5871
28.500,1.4991,0.0871,-0.4561,0.0279,0.20,-0.5236,-0.4715,-0.5871
28.550,1.4981,0.0881,-0.4601,0.0279,0.20,-0.5159,-0.4652,-0.5777
28.600,1.4971,0.0890,-0.4649,0.0266,0.20,-0.5226,-0.4707,-0.5859
28.650,1.4962,0.0900,-0.4685,0.0283,0.20,-0.4939,-0.4469,-0.5508
28.700,1.4952,0.0908,-0.4751,0.0247,0.20,-0.5236,-0.4715,-0.5871
28.750,1.4943,0.0919,-0.4778,0.0288,0.20,-0.4703,-0.4272,-0.5221
28.800,1.4933,0.0927,-0.4848,0.0254,0.20,-0.5021,-0.4537,-0.5608
28.850,1.4924,0.0936,-0.4887,0.0262,0.20,-0.4849,-0.4395,-0.5399
28.900,1.4914,0.0946,-0.4936,0.0268,0.20,-0.4679,-0.4253,-0.5192
28.950,1.4905,0.0954,-0.4996,0.0248,0.20,-0.4835,-0.4383,-0.5381
29.000,1.4895,0.0965,-0.5027,0.0286,0.20,-0.4271,-0.3909,-0.4701
29.050,1.4886,0.0972,-0.5103,0.0239,0.20,-0.4771,-0.4329,-0.5303
29.100,1.4877,0.0981,-0.5138,0.0250,0.20,-0.4553,-0.4147,-0.5039
29.150,1.4867,0.0991,-0.5173,0.0288,0.20,-0.3977,-0.3660,-0.4351
29.200,1.4858,0.0999,-0.5251,0.0237,0.20,-0.4534,-0.4131,-0.5017
29.250,1.4849,0.1007,-0.5286,0.0251,0.20,-0.4265,-0.3904,-0.4694
29.300,1.4839,0.1018,-0.5318,0.0290,0.20,-0.3682,-0.3406,-0.4003
29.350,1.4829,0.1025,-0.5396,0.0240,0.20,-0.4215,-0.3862,-0.4635
29.400,1.4820,0.1034,-0.5431,0.0254,0.20,-0.3956,-0.3642,-0.4327
29.450,1.4810,0.1044,-0.5463,0.0290,0.20,-0.3407,-0.3168,-0.3683
29.500,1.4800,0.1051,-0.5538,0.0238,0.20,-0.3975,-0.3658,-0.4349
29.550,1.4791,0.1060,-0.5566,0.0264,0.20,-0.3545,-0.3288,-0.3844
29.600,1.4781,0.1070,-0.5608,0.0273,0.20,-0.3342,-0.3112,-0.3608
29.650,1.4771,0.1078,-0.5669,0.0249,0.20,-0.3554,-0.3296,-0.3853
29.700,1.4761,0.1089,-0.5688,0.0300,0.20,-0.2819,-0.2652,-0.3008
29.750,1.4751,0.1097,-0.5753,0.0248,0.20,-0.3385,-0.3150,-0.3658
29.800,1.4741,0.1106,-0.5785,0.0269,0.20,-0.3029,-0.2838,-0.3247
29.850,1.4731,0.1115,-0.5824,0.0268,0.20,-0.2944,-0.2762,-0.3150
29.900,1.4722,0.1123,-0.5869,0.0256,0.20,-0.3016,-0.2826,-0.3232
29.950,1.4712,0.1133,-0.5892,0.0286,0.20,-0.2535,-0.2399,-0.2688
30.000,1.4702,0.1140,-0.5953,0.0237,0.20,-0.3100,-0.2900,-0.3329
30.050,1.4692,0.1150,-0.5966,0.0285,0.20,-0.2377,-0.2256,-0.2511
30.100,1.4683,0.1159,-0.6001,0.0255,0.20,-0.2689,-0.2537,-0.2861
30.150,1.4672,0.1169,-0.6026,0.0290,0.20,-0.2138,-0.2040,-0.2247
30.200,1.4665,0.1176,-0.6079,0.0195,0.20,-0.3420,-0.3180,-0.3698
30.250,1.4655,0.1186,-0.6098,0.0283,0.20,-0.2057,-0.1966,-0.2158
30.300,1.4646,0.1193,-0.6133,0.0236,0.20,-0.2627,-0.2481,-0.2791
30.350,1.4635,0.1204,-0.6148,0.0308,0.20,-0.1586,-0.1531,-0.1646
30.400,1.4625,0.1212,-0.6185,0.0253,0.20,-0.2216,-0.2110,-0.2332
30.450,1.4614,0.1222,-0.6212,0.0293,0.20,-0.1592,-0.1536,-0.1652
30.500,1.4605,0.1229,-0.6264,0.0229,0.20,-0.2380,-0.2259,-0.2514
30.550,1.4595,0.1240,-0.6285,0.0300,0.20,-0.1315,-0.1277,-0.1356
30.600,1.4585,0.1248,-0.6322,0.0251,0.20,-0.1875,-0.1799,-0.1958
30.650,1.4574,0.1258,-0.6343,0.0298,0.20,-0.1165,-0.1135,-0.1197
30.700,1.4565,0.1265,-0.6385,0.0238,0.20,-0.1892,-0.1814,-0.1977
30.750,1.4554,0.1275,-0.6405,0.0298,0.20,-0.0976,-0.0955,-0.0999
30.800,1.4544,0.1283,-0.6440,0.0260,0.20,-0.1384,-0.1341,-0.1429
30.850,1.4533,0.1293,-0.6463,0.0282,0.20,-0.1003,-0.0980,-0.1026
30.900,1.4523,0.1300,-0.6506,0.0258,0.20,-0.1238,-0.1204,-0.1273
30.950,1.4512,0.1310,-0.6515,0.0298,0.20,-0.0628,-0.0619,-0.0637
31.000,1.4501,0.1318,-0.6561,0.0262,0.20,-0.0995,-0.0973,-0.1018
31.050,1.4490,0.1327,-0.6579,0.0289,0.20,-0.0552,-0.0545,-0.0559
31.100,1.4479,0.1335,-0.6614,0.0272,0.20,-0.0682,-0.0671,-0.0692
31.150,1.4468,0.1344,-0.6632,0.0286,0.20,-0.0405,-0.0401,-0.0409
31.200,1.4457,0.1352,-0.6666,0.0275,0.20,-0.0451,-0.0447,-0.0456
31.250,1.4446,0.1361,-0.6681,0.0287,0.20,-0.0221,-0.0220,-0.0222
31.300,1.4434,0.1370,-0.6711,0.0278,0.20,-0.0234,-0.0233,-0.0235
31.350,1.4423,0.1378,-0.6726,0.0286,0.20,-0.0053,-0.0053,-0.0053
31.400,1.4412,0.1387,-0.6751,0.0281,0.20,-0.0026,-0.0026,-0.0027
31.450,1.4400,0.1395,-0.6766,0.0286,0.20,0.0123,0.0123,0.0122
31.500,1.4389,0.1404,-0.6786,0.0283,0.20,0.0172,0.0173,0.0172
31.550,1.4377,0.1412,-0.6801,0.0286,0.20,0.0295,0.0297,0.0293
31.600,1.4366,0.1421,-0.6818,0.0285,0.20,0.0362,0.0365,0.0359
31.650,1.4354,0.1429,-0.6832,0.0287,0.20,0.0481,0.0486,0.0476
31.700,1.4342,0.1438,-0.6848,0.0295,0.20,0.0656,0.0666,0.0647
31.750,1.4330,0.1446,-0.6871,0.0297,0.20,0.0776,0.0790,0.0763
31.800,1.4317,0.1454,-0.6889,0.0303,0.20,0.0936,0.0957,0.0917
31.850,1.4304,0.1462,-0.6907,0.0307,0.20,0.1075,0.1103,0.1050
31.900,1.4291,0.1471,-0.6923,0.0310,0.20,0.1191,0.1225,0.1160
31.950,1.4278,0.1479,-0.6936,0.0309,0.20,0.1257,0.1294,0.1222
32.000,1.4265,0.1487,-0.6941,0.0305,0.20,0.1291,0.1330,0.1254
32.050,1.4253,0.1495,-0.6940,0.0300,0.20,0.1314,0.1355,0.1276
32.100,1.4241,0.1504,-0.6935,0.0297,0.20,0.1352,0.1395,0.1312
32.150,1.4228,0.1512,-0.6930,0.0297,0.20,0.1417,0.1464,0.1373
32.200,1.4216,0.1520,-0.6927,0.0298,0.20,0.1508,0.1561,0.1458
32.250,1.4203,0.1528,-0.6928,0.0302,0.20,0.1624,0.1686,0.1566
32.300,1.4190,0.1536,-0.6931,0.0305,0.20,0.1733,0.1804,0.1668
32.350,1.4177,0.1544,-0.6935,0.0307,0.20,0.1824,0.1903,0.1752
32.400,1.4164,0.1552,-0.6936,0.0306,0.20,0.1891,0.1975,0.1813
32.450,1.4151,0.1560,-0.6934,0.0303,0.20,0.1938,0.2026,0.1856
32.500,1.4138,0.1567,-0.6927,0.0301,0.20,0.1977,0.2070,0.1893
32.550,1.4125,0.1575,-0.6919,0.0298,0.20,0.2022,0.2118,0.1933
32.600,1.4112,0.1583,-0.6910,0.0298,0.20,0.2081,0.2184,0.1988
32.650,1.4099,0.1591,-0.6901,0.0299,0.20,0.2157,0.2268,0.2057
32.700,1.4086,0.1598,-0.6895,0.0300,0.20,0.2243,0.2363,0.2135
32.750,1.4073,0.1605,-0.6890,0.0303,0.20,0.2341,0.2471,0.2224
32.800,1.4060,0.1613,-0.6885,0.0305,0.20,0.2425,0.2564,0.2299
32.850,1.4046,0.1620,-0.6879,0.0304,0.20,0.2488,0.2635,0.2356
32.900,1.4033,0.1627,-0.6870,0.0302,0.20,0.2534,0.2686,0.2397
32.950,1.4020,0.1635,-0.6858,0.0300,0.20,0.2571,0.2728,0.2430
33.000,1.4007,0.1642,-0.6844,0.0297,0.20,0.2609,0.2771,0.2465
33.050,1.3994,0.1649,-0.6829,0.0296,0.20,0.2659,0.2827,0.2509
33.100,1.3981,0.1656,-0.6814,0.0297,0.20,0.2723,0.2900,0.2567
33.150,1.3968,0.1663,-0.6801,0.0298,0.20,0.2798,0.2984,0.2633
33.200,1.3954,0.1670,-0.6789,0.0300,0.20,0.2874,0.3070,0.2700
33.250,1.3941,0.1676,-0.6777,0.0300,0.20,0.2936,0.3141,0.2756
33.300,1.3928,0.1683,-0.6764,0.0301,0.20,0.2998,0.3211,0.2810
33.350,1.3914,0.1690,-0.6750,0.0299,0.20,0.3037,0.3256,0.2844
33.400,1.3901,0.1696,-0.6732,0.0297,0.20,0.3079,0.3305,0.2882
33.450,1.3887,0.1703,-0.6714,0.0296,0.20,0.3126,0.3358,0.2923
33.500,1.3874,0.1709,-0.6696,0.0295,0.20,0.3172,0.3411,0.2963
33.550,1.3861,0.1715,-0.6677,0.0296,0.20,0.3230,0.3477,0.3014
33.600,1.3847,0.1722,-0.6659,0.0296,0.20,0.3282,0.3538,0.3060
33.650,1.3834,0.1728,-0.6641,0.0297,0.20,0.3340,0.3605,0.3110
33.700,1.3820,0.1734,-0.6623,0.0297,0.20,0.3388,0.3660,0.3152
33.750,1.3807,0.1740,-0.6602,0.0295,0.20,0.3427,0.3706,0.3186
33.800,1.3794,0.1746,-0.6581,0.0293,0.20,0.3457,0.3741,0.3212
33.850,1.3780,0.1752,-0.6558,0.0292,0.20,0.3495,0.3785,0.3245
33.900,1.3767,0.1758,-0.6534,0.0292,0.20,0.3541,0.3839,0.3285
33.950,1.3754,0.1764,-0.6512,0.0293,0.20,0.3594,0.3900,0.3330
34.000,1.3740,0.1770,-0.6490,0.0294,0.20,0.3647,0.3963,0.3376
34.050,1.3727,0.1776,-0.6467,0.0294,0.20,0.3696,0.4020,0.3418
34.100,1.3713,0.1781,-0.6444,0.0294,0.20,0.3737,0.4069,0.3454
34.150,1.3700,0.1787,-0.6420,0.0293,0.20,0.3771,0.4108,0.3483
34.200,1.3686,0.1792,-0.6394,0.0291,0.20,0.3799,0.4142,0.3507
34.250,1.3673,0.1798,-0.6367,0.0289,0.20,0.3828,0.4175,0.3532
34.300,1.3659,0.1803,-0.6339,0.0289,0.20,0.3861,0.4214,0.3560
34.350,1.3646,0.1809,-0.6312,0.0289,0.20,0.3897,0.4256,0.3591
34.400,1.3632,0.1814,-0.6284,0.0289,0.20,0.3934,0.4300,0.3622
34.450,1.3619,0.1819,-0.6257,0.0289,0.20,0.3969,0.4342,0.3652
34.500,1.3605,0.1824,-0.6228,0.0289,0.20,0.4001,0.4379,0.3680
34.550,1.3592,0.1829,-0.6200,0.0288,0.20,0.4029,0.4413,0.3704
34.600,1.3578,0.1834,-0.6170,0.0287,0.20,0.4055,0.4444,0.3726
34.650,1.3565,0.1838,-0.6140,0.0287,0.20,0.4081,0.4474,0.3748
34.700,1.3551,0.1843,-0.6109,0.0286,0.20,0.4108,0.4506,0.3771
34.750,1.3538,0.1848,-0.6079,0.0286,0.20,0.4135,0.4539,0.3794
34.800,1.3524,0.1853,-0.6048,0.0286,0.20,0.4161,0.4570,0.3816
34.850,1.3511,0.1857,-0.6016,0.0286,0.20,0.4186,0.4599,0.3837
34.900,1.3497,0.1862,-0.5985,0.0286,0.20,0.4208,0.4626,0.3856
34.950,1.3483,0.1866,-0.5953,0.0285,0.20,0.4230,0.4652,0.3874
35.000,1.3470,0.1870,-0.5920,0.0285,0.20,0.4251,0.4677,0.3892
35.050,1.3456,0.1875,-0.5887,0.0284,0.20,0.4270,0.4701,0.3909
35.100,1.3443,0.1879,-0.5854,0.0284,0.20,0.4291,0.4725,0.3926
35.150,1.3429,0.1883,-0.5821,0.0284,0.20,0.4310,0.4748,0.3942
35.200,1.3416,0.1887,-0.5787,0.0284,0.20,0.4328,0.4769,0.3957
35.250,1.3402,0.1891,-0.5753,0.0283,0.20,0.4344,0.4789,0.3971
35.300,1.3389,0.1895,-0.5719,0.0283,0.20,0.4360,0.4808,0.3984
35.350,1.3375,0.1899,-0.5684,0.0283,0.20,0.4375,0.4825,0.3997
35.400,1.3361,0.1903,-0.5649,0.0282,0.20,0.4389,0.4842,0.4009
35.450,1.3348,0.1907,-0.5614,0.0282,0.20,0.4402,0.4858,0.4020
35.500,1.3334,0.1911,-0.5579,0.0282,0.20,0.4414,0.4873,0.4030
35.550,1.3321,0.1914,-0.5543,0.0282,0.20,0.4426,0.4887,0.4040
35.600,1.3307,0.1918,-0.5507,0.0281,0.20,0.4437,0.4900,0.4049
35.650,1.3293,0.1922,-0.5471,0.0281,0.20,0.4447,0.4912,0.4057
35.700,1.3280,0.1925,-0.5435,0.0281,0.20,0.4456,0.4923,0.4065
35.750,1.3266,0.1929,-0.5399,0.0281,0.20,0.4464,0.4933,0.4072
35.800,1.3253,0.1932,-0.5362,0.0280,0.20,0.4472,0.4942,0.4078
35.850,1.3239,0.1935,-0.5325,0.0280,0.20,0.4478,0.4949,0.4084
35.900,1.3226,0.1939,-0.5288,0.0280,0.20,0.4484,0.4957,0.4089
35.950,1.3212,0.1942,-0.5251,0.0280,0.20,0.4490,0.4963,0.4094
36.000,1.3198,0.1945,-0.5214,0.0280,0.20,0.4494,0.4969,0.4097
36.050,1.3185,0.1948,-0.5176,0.0279,0.20,0.4497,0.4973,0.4100
36.100,1.3171,0.1952,-0.5139,0.0279,0.20,0.4500,0.4976,0.4103
36.150,1.3157,0.1955,-0.5101,0.0279,0.20,0.4502,0.4979,0.4104
36.200,1.3144,0.1958,-0.5063,0.0279,0.20,0.4504,0.4980,0.4105
36.250,1.3130,0.1961,-0.5025,0.0279,0.20,0.4504,0.4981,0.4106
36.300,1.3117,0.1963,-0.4987,0.0279,0.20,0.4504,0.4981,0.4106
36.350,1.3103,0.1966,-0.4949,0.0278,0.20,0.4504,0.4980,0.4105
36.400,1.3089,0.1969,-0.4910,0.0278,0.20,0.4502,0.4979,0.4104
36.450,1.3076,0.1972,-0.4872,0.0278,0.20,0.4500,0.4976,0.4102
36.500,1.3062,0.1975,-0.4834,0.0278,0.20,0.4497,0.4973,0.4100
36.550,1.3048,0.1977,-0.4795,0.0278,0.20,0.4494,0.4969,0.4097
36.600,1.3035,0.1980,-0.4757,0.0278,0.20,0.4490,0.4964,0.4094
36.650,1.3021,0.1982,-0.4718,0.0278,0.20,0.4485,0.4958,0.4090
36.700,1.3007,0.1985,-0.4679,0.0278,0.20,0.4480,0.4952,0.4086
36.750,1.2994,0.1987,-0.4640,0.0278,0.20,0.4474,0.4945,0.4081
36.800,1.2980,0.1990,-0.4602,0.0277,0.20,0.4468,0.4937,0.4075
36.850,1.2967,0.1992,-0.4563,0.0277,0.20,0.4461,0.4929,0.4069
36.900,1.2953,0.1995,-0.4524,0.0277,0.20,0.4453,0.4919,0.4063
36.950,1.2939,0.1997,-0.4485,0.0277,0.20,0.4445,0.4910,0.4056
37.000,1.2926,0.1999,-0.4447,0.0277,0.20,0.4436,0.4899,0.4049
37.050,1.2912,0.2001,-0.4408,0.0277,0.20,0.4427,0.4888,0.4041
37.100,1.2898,0.2004,-0.4369,0.0277,0.20,0.4417,0.4877,0.4033
37.150,1.2884,0.2006,-0.4331,0.0277,0.20,0.4407,0.4864,0.4024
37.200,1.2871,0.2008,-0.4292,0.0277,0.20,0.4396,0.4851,0.4015
37.250,1.2857,0.2010,-0.4254,0.0277,0.20,0.4385,0.4838,0.4006
37.300,1.2843,0.2012,-0.4215,0.0277,0.20,0.4373,0.4824,0.3996
37.350,1.2830,0.2014,-0.4176,0.0277,0.20,0.4361,0.4809,0.3985
37.400,1.2816,0.2016,-0.4138,0.0277,0.20,0.4348,0.4794,0.3974
37.450,1.2802,0.2018,-0.4099,0.0277,0.20,0.4335,0.4778,0.3963
37.500,1.2788,0.2020,-0.4061,0.0277,0.20,0.4321,0.4761,0.3952
37.550,1.2775,0.2021,-0.4022,0.0277,0.20,0.4307,0.4744,0.3940
37.600,1.2761,0.2023,-0.3984,0.0277,0.20,0.4293,0.4727,0.3927
37.650,1.2747,0.2025,-0.3946,0.0277,0.20,0.4278,0.4709,0.3915
37.700,1.2734,0.2027,-0.3907,0.0277,0.20,0.4262,0.4690,0.3902
37.750,1.2720,0.2028,-0.3869,0.0277,0.20,0.4246,0.4671,0.3888
37.800,1.2706,0.2030,-0.3831,0.0277,0.20,0.4230,0.4652,0.3874
37.850,1.2692,0.2032,-0.3793,0.0277,0.20,0.4213,0.4632,0.3860
37.900,1.2678,0.2033,-0.3755,0.0277,0.20,0.4196,0.4612,0.3846
37.950,1.2665,0.2035,-0.3718,0.0277,0.20,0.4179,0.4591,0.3831
38.000,1.2651,0.2036,-0.3680,0.0277,0.20,0.4162,0.4570,0.3816
38.050,1.2637,0.2038,-0.3642,0.0277,0.20,0.4144,0.4549,0.3801
38.100,1.2623,0.2039,-0.3605,0.0278,0.20,0.4125,0.4527,0.3786
38.150,1.2610,0.2041,-0.3568,0.0278,0.20,0.4107,0.4505,0.3770
38.200,1.2596,0.2042,-0.3530,0.0278,0.20,0.4088,0.4482,0.3754
38.250,1.2582,0.2043,-0.3493,0.0278,0.20,0.4068,0.4460,0.3737
38.300,1.2568,0.2045,-0.3456,0.0278,0.20,0.4049,0.4436,0.3720
38.350,1.2554,0.2046,-0.3419,0.0278,0.20,0.4029,0.4413,0.3704
38.400,1.2540,0.2047,-0.3383,0.0278,0.20,0.4009,0.4389,0.3686
38.450,1.2527,0.2049,-0.3346,0.0278,0.20,0.3988,0.4365,0.3669
38.500,1.2513,0.2050,-0.3310,0.0278,0.20,0.3968,0.4340,0.3651
38.550,1.2499,0.2051,-0.3274,0.0278,0.20,0.3947,0.4315,0.3634
38.600,1.2485,0.2052,-0.3237,0.0278,0.20,0.3926,0.4290,0.3615
38.650,1.2471,0.2053,-0.3201,0.0278,0.20,0.3904,0.4265,0.3597
38.700,1.2457,0.2054,-0.3166,0.0278,0.20,0.3882,0.4239,0.3578
38.750,1.2443,0.2055,-0.3130,0.0279,0.20,0.3860,0.4213,0.3560
38.800,1.2429,0.2056,-0.3094,0.0279,0.20,0.3838,0.4187,0.3541
38.850,1.2416,0.2057,-0.3059,0.0279,0.20,0.3816,0.4161,0.3522
38.900,1.2402,0.2058,-0.3024,0.0279,0.20,0.3794,0.4135,0.3502
38.950,1.2388,0.2059,-0.2989,0.0279,0.20,0.3771,0.4108,0.3483
39.000,1.2374,0.2060,-0.2954,0.0279,0.20,0.3748,0.4081,0.3463
39.050,1.2360,0.2061,-0.2919,0.0279,0.20,0.3725,0.4054,0.3443
39.100,1.2346,0.2062,-0.2885,0.0279,0.20,0.3702,0.4027,0.3423
39.150,1.2332,0.2063,-0.2850,0.0279,0.20,0.3678,0.3999,0.3403
39.200,1.2318,0.2064,-0.2816,0.0280,0.20,0.3655,0.3971,0.3383
39.250,1.2304,0.2065,-0.2782,0.0280,0.20,0.3631,0.3943,0.3362
39.300,1.2290,0.2065,-0.2748,0.0280,0.20,0.3607,0.3916,0.3342
39.350,1.2276,0.2066,-0.2715,0.0280,0.20,0.3583,0.3887,0.3321
39.400,1.2262,0.2067,-0.2681,0.0280,0.20,0.3559,0.3859,0.3300
39.450,1.2248,0.2068,-0.2648,0.0280,0.20,0.3534,0.3831,0.3279
39.500,1.2234,0.2068,-0.2615,0.0280,0.20,0.3510,0.3802,0.3258
39.550,1.2220,0.2069,-0.2582,0.0280,0.20,0.3485,0.3774,0.3236
39.600,1.2206,0.2070,-0.2549,0.0280,0.20,0.3461,0.3745,0.3215
39.650,1.2192,0.2070,-0.2517,0.0281,0.20,0.3436,0.3716,0.3194
39.700,1.2178,0.2071,-0.2484,0.0281,0.20,0.3411,0.3688,0.3172
39.750,1.2164,0.2071,-0.2452,0.0281,0.20,0.3386,0.3659,0.3150
39.800,1.2150,0.2072,-0.2420,0.0281,0.20,0.3361,0.3629,0.3128
39.850,1.2136,0.2072,-0.2389,0.0281,0.20,0.3336,0.3600,0.3107
39.900,1.2122,0.2073,-0.2357,0.0281,0.20,0.3311,0.3571,0.3085
39.950,1.2108,0.2073,-0.2326,0.0281,0.20,0.3286,0.3542,0.3063
40.000,1.2094,0.2074,-0.2295,0.0282,0.20,0.3260,0.3513,0.3040
40.050,1.2080,0.2074,-0.2264,0.0282,0.20,0.3235,0.3484,0.3018
40.100,1.2066,0.2075,-0.2233,0.0282,0.20,0.3209,0.3454,0.2996
40.150,1.2052,0.2075,-0.2202,0.0282,0.20,0.3184,0.3425,0.2974
40.200,1.2037,0.2076,-0.2172,0.0282,0.20,0.3158,0.3396,0.2951
40.250,1.2023,0.2076,-0.2142,0.0282,0.20,0.3133,0.3366,0.2929
40.300,1.2009,0.2076,-0.2112,0.0282,0.20,0.3107,0.3337,0.2906
40.350,1.1995,0.2077,-0.2083,0.0282,0.20,0.3082,0.3307,0.2884
40.400,1.1981,0.2077,-0.2053,0.0283,0.20,0.3056,0.3278,0.2861
40.450,1.1967,0.2077,-0.2024,0.0283,0.20,0.3030,0.3249,0.2839
40.500,1.1953,0.2078,-0.1995,0.0283,0.20,0.3005,0.3219,0.2816
40.550,1.1939,0.2078,-0.1966,0.0283,0.20,0.2979,0.3190,0.2793
40.600,1.1924,0.2078,-0.1937,0.0283,0.20,0.2953,0.3160,0.2771
40.650,1.1910,0.2078,-0.1909,0.0283,0.20,0.2927,0.3131,0.2748
40.700,1.1896,0.2079,-0.1881,0.0283,0.20,0.2902,0.3102,0.2725
40.750,1.1882,0.2079,-0.1853,0.0283,0.20,0.2876,0.3073,0.2702
40.800,1.1868,0.2079,-0.1825,0.0284,0.20,0.2850,0.3043,0.2680
40.850,1.1854,0.2079,-0.1798,0.0284,0.20,0.2825,0.3014,0.2657
40.900,1.1839,0.2079,-0.1770,0.0284,0.20,0.2799,0.2985,0.2634
40.950,1.1825,0.2079,-0.1743,0.0284,0.20,0.2773,0.2956,0.2611
41.000,1.1811,0.2080,-0.1716,0.0284,0.20,0.2748,0.2927,0.2588
41.050,1.1797,0.2080,-0.1690,0.0284,0.20,0.2722,0.2898,0.2566
41.100,1.1783,0.2080,-0.1663,0.0284,0.20,0.2696,0.2869,0.2543
41.150,1.1768,0.2080,-0.1637,0.0285,0.20,0.2671,0.2840,0.2520
41.200,1.1754,0.2080,-0.1611,0.0285,0.20,0.2645,0.2812,0.2497
41.250,1.1740,0.2080,-0.1585,0.0285,0.20,0.2619,0.2782,0.2473
41.300,1.1725,0.2080,-0.1559,0.0286,0.20,0.2592,0.2752,0.2450
41.350,1.1711,0.2080,-0.1534,0.0286,0.20,0.2569,0.2725,0.2429
41.400,1.1697,0.2080,-0.1509,0.0286,0.20,0.2543,0.2697,0.2406
41.450,1.1683,0.2080,-0.1484,0.0286,0.20,0.2519,0.2669,0.2384
41.500,1.1668,0.2080,-0.1459,0.0286,0.20,0.2494,0.2641,0.2361
41.550,1.1654,0.2080,-0.1434,0.0286,0.20,0.2469,0.2613,0.2339
41.600,1.1640,0.2080,-0.1410,0.0286,0.20,0.2444,0.2586,0.2316
41.650,1.1625,0.2080,-0.1386,0.0286,0.20,0.2419,0.2558,0.2294
41.700,1.1611,0.2080,-0.1362,0.0286,0.20,0.2394,0.2530,0.2272
41.750,1.1597,0.2080,-0.1338,0.0286,0.20,0.2369,0.2503,0.2249
41.800,1.1582,0.2080,-0.1314,0.0286,0.20,0.2345,0.2475,0.2227
41.850,1.1568,0.2080,-0.1291,0.0287,0.20,0.2320,0.2448,0.2205
41.900,1.1554,0.2080,-0.1268,0.0287,0.20,0.2295,0.2420,0.2183
41.950,1.1539,0.2080,-0.1245,0.0287,0.20,0.2271,0.2393,0.2160
42.000,1.1525,0.2080,-0.1222,0.0287,0.20,0.2247,0.2366,0.2138
42.050,1.1511,0.2079,-0.1200,0.0287,0.20,0.2222,0.2339,0.2116
42.100,1.1496,0.2079,-0.1178,0.0287,0.20,0.2198,0.2313,0.2094
42.150,1.1482,0.2079,-0.1155,0.0287,0.20,0.2174,0.2286,0.2072
42.200,1.1468,0.2079,-0.1134,0.0287,0.20,0.2150,0.2259,0.2050
42.250,1.1453,0.2079,-0.1112,0.0287,0.20,0.2126,0.2233,0.2028
42.300,1.1439,0.2079,-0.1090,0.0288,0.20,0.2102,0.2206,0.2007
42.350,1.1425,0.2078,-0.1069,0.0288,0.20,0.2078,0.2180,0.1985
42.400,1.1410,0.2078,-0.1048,0.0288,0.20,0.2054,0.2154,0.1963
42.450,1.1396,0.2078,-0.1027,0.0288,0.20,0.2031,0.2128,0.1942
42.500,1.1381,0.2078,-0.1007,0.0288,0.20,0.2007,0.2103,0.1920
42.550,1.1367,0.2078,-0.0986,0.0288,0.20,0.1984,0.2077,0.1899
42.600,1.1353,0.2077,-0.0966,0.0288,0.20,0.1960,0.2051,0.1877
42.650,1.1338,0.2077,-0.0946,0.0288,0.20,0.1937,0.2026,0.1856
42.700,1.1324,0.2077,-0.0926,0.0288,0.20,0.1914,0.2001,0.1835
42.750,1.1309,0.2077,-0.0907,0.0288,0.20,0.1891,0.1976,0.1813
42.800,1.1295,0.2076,-0.0887,0.0288,0.20,0.1868,0.1951,0.1792
42.850,1.1281,0.2076,-0.0868,0.0289,0.20,0.1845,0.1926,0.1771
42.900,1.1266,0.2076,-0.0849,0.0289,0.20,0.1823,0.1901,0.1750
42.950,1.1252,0.2076,-0.0830,0.0289,0.20,0.1800,0.1877,0.1729
43.000,1.1237,0.2075,-0.0812,0.0289,0.20,0.1778,0.1852,0.1709
43.050,1.1223,0.2075,-0.0793,0.0289,0.20,0.1755,0.1828,0.1688
43.100,1.1208,0.2075,-0.0775,0.0289,0.20,0.1733,0.1804,0.1668
43.150,1.1194,0.2074,-0.0757,0.0289,0.20,0.1711,0.1780,0.1647
43.200,1.1179,0.2074,-0.0740,0.0289,0.20,0.1689,0.1756,0.1627
43.250,1.1165,0.2074,-0.0722,0.0289,0.20,0.1667,0.1733,0.1606
43.300,1.1151,0.2073,-0.0705,0.0289,0.20,0.1645,0.1709,0.1586
43.350,1.1136,0.2073,-0.0687,0.0289,0.20,0.1624,0.1686,0.1566
43.400,1.1122,0.2073,-0.0670,0.0289,0.20,0.1602,0.1663,0.1546
43.450,1.1107,0.2072,-0.0654,0.0289,0.20,0.1581,0.1640,0.1526
43.500,1.1093,0.2072,-0.0637,0.0290,0.20,0.1560,0.1617,0.1506
43.550,1.1078,0.2072,-0.0621,0.0290,0.20,0.1539,0.1594,0.1487
43.600,1.1064,0.2071,-0.0604,0.0290,0.20,0.1518,0.1572,0.1467
43.650,1.1049,0.2071,-0.0588,0.0290,0.20,0.1497,0.1550,0.1448
43.700,1.1035,0.2071,-0.0573,0.0290,0.20,0.1476,0.1527,0.1428
43.750,1.1020,0.2070,-0.0557,0.0290,0.20,0.1456,0.1505,0.1409
43.800,1.1006,0.2070,-0.0541,0.0290,0.20,0.1435,0.1484,0.1390
43.850,1.0991,0.2069,-0.0526,0.0290,0.20,0.1415,0.1462,0.1371
43.900,1.0977,0.2069,-0.0511,0.0290,0.20,0.1395,0.1440,0.1352
43.950,1.0962,0.2069,-0.0496,0.0290,0.20,0.1375,0.1419,0.1333
44.000,1.0948,0.2068,-0.0482,0.0290,0.20,0.1355,0.1398,0.1314
44.050,1.0933,0.2068,-0.0467,0.0290,0.20,0.1335,0.1377,0.1296
44.100,1.0919,0.2067,-0.0453,0.0290,0.20,0.1315,0.1356,0.1277
44.150,1.0904,0.2067,-0.0439,0.0290,0.20,0.1296,0.1335,0.1259
44.200,1.0890,0.2067,-0.0425,0.0290,0.20,0.1276,0.1315,0.1240
44.250,1.0875,0.2066,-0.0411,0.0290,0.20,0.1257,0.1294,0.1222
44.300,1.0861,0.2066,-0.0397,0.0290,0.20,0.1238,0.1274,0.1204
44.350,1.0846,0.2065,-0.0384,0.0291,0.20,0.1219,0.1254,0.1186
44.400,1.0832,0.2065,-0.0371,0.0291,0.20,0.1200,0.1234,0.1168
44.450,1.0817,0.2065,-0.0358,0.0291,0.20,0.1182,0.1214,0.1151
44.500,1.0803,0.2064,-0.0345,0.0291,0.20,0.1163,0.1195,0.1133
44.550,1.0788,0.2064,-0.0332,0.0291,0.20,0.1145,0.1175,0.1116
44.600,1.0774,0.2063,-0.0319,0.0291,0.20,0.1126,0.1156,0.1098
44.650,1.0759,0.2063,-0.0307,0.0291,0.20,0.1108,0.1137,0.1081
44.700,1.0745,0.2062,-0.0295,0.0291,0.20,0.1090,0.1118,0.1064
44.750,1.0730,0.2062,-0.0283,0.0291,0.20,0.1073,0.1099,0.1047
44.800,1.0715,0.2061,-0.0271,0.0291,0.20,0.1055,0.1081,0.1030
44.850,1.0701,0.2061,-0.0259,0.0291,0.20,0.1037,0.1062,0.1013
44.900,1.0686,0.2061,-0.0248,0.0291,0.20,0.1020,0.1044,0.0997
44.950,1.0672,0.2060,-0.0236,0.0291,0.20,0.1003,0.1026,0.0980
45.000,1.0657,0.2060,-0.0225,0.0291,0.20,0.0985,0.1008,0.0964
45.050,1.0643,0.2059,-0.0214,0.0291,0.20,0.0968,0.0990,0.0948
45.100,1.0628,0.2059,-0.0203,0.0291,0.20,0.0952,0.0973,0.0931
45.150,1.0614,0.2058,-0.0192,0.0291,0.20,0.0935,0.0955,0.0915
45.200,1.0599,0.2058,-0.0182,0.0291,0.20,0.0918,0.0938,0.0900
45.250,1.0585,0.2057,-0.0171,0.0291,0.20,0.0902,0.0921,0.0884
45.300,1.0570,0.2057,-0.0161,0.0291,0.20,0.0886,0.0904,0.0868
45.350,1.0555,0.2056,-0.0151,0.0291,0.20,0.0870,0.0887,0.0853
45.400,1.0541,0.2056,-0.0141,0.0291,0.20,0.0854,0.0871,0.0837
45.450,1.0526,0.2055,-0.0132,0.0291,0.20,0.0838,0.0854,0.0822
45.500,1.0512,0.2055,-0.0122,0.0291,0.20,0.0822,0.0838,0.0807
45.550,1.0497,0.2054,-0.0113,0.0291,0.20,0.0807,0.0822,0.0792
45.600,1.0483,0.2054,-0.0103,0.0291,0.20,0.0792,0.0806,0.0777
45.650,1.0468,0.2054,-0.0094,0.0292,0.20,0.0776,0.0790,0.0763
45.700,1.0453,0.2053,-0.0085,0.0292,0.20,0.0761,0.0775,0.0748
45.750,1.0439,0.2053,-0.0076,0.0292,0.20,0.0746,0.0759,0.0734
45.800,1.0424,0.2052,-0.0068,0.0292,0.20,0.0732,0.0744,0.0720
45.850,1.0410,0.2052,-0.0059,0.0292,0.20,0.0717,0.0729,0.0705
45.900,1.0395,0.2051,-0.0051,0.0292,0.20,0.0702,0.0714,0.0691
45.950,1.0381,0.2051,-0.0042,0.0292,0.20,0.0688,0.0699,0.0677
46.000,1.0366,0.2050,-0.0034,0.0292,0.20,0.0674,0.0684,0.0664
46.050,1.0351,0.2050,-0.0026,0.0292,0.20,0.0660,0.0670,0.0650
46.100,1.0337,0.2049,-0.0018,0.0292,0.20,0.0646,0.0656,0.0636
46.150,1.0322,0.2049,-0.0011,0.0292,0.20,0.0632,0.0641,0.0623
46.200,1.0308,0.2048,-0.0003,0.0292,0.20,0.0618,0.0627,0.0610
46.250,1.0293,0.2048,0.0004,0.0292,0.20,0.0605,0.0613,0.0597
46.300,1.0279,0.2047,0.0012,0.0292,0.20,0.0592,0.0600,0.0584
46.350,1.0264,0.2047,0.0019,0.0292,0.20,0.0579,0.0587,0.0571
46.400,1.0249,0.2046,0.0026,0.0292,0.20,0.0565,0.0572,0.0558
46.450,1.0235,0.2046,0.0033,0.0292,0.20,0.0552,0.0559,0.0545
46.500,1.0220,0.2045,0.0040,0.0292,0.20,0.0539,0.0546,0.0533
46.550,1.0206,0.2045,0.0046,0.0293,0.20,0.0525,0.0532,0.0519
46.600,1.0191,0.2044,0.0053,0.0292,0.20,0.0514,0.0520,0.0508
46.650,1.0176,0.2044,0.0059,0.0292,0.20,0.0501,0.0507,0.0495
46.700,1.0162,0.2044,0.0066,0.0293,0.20,0.0488,0.0494,0.0483
46.750,1.0147,0.2043,0.0072,0.0292,0.20,0.0477,0.0482,0.0471
46.800,1.0132,0.2043,0.0078,0.0293,0.20,0.0464,0.0469,0.0459
46.850,1.0118,0.2042,0.0084,0.0293,0.20,0.0452,0.0457,0.0447
46.900,1.0103,0.2042,0.0090,0.0293,0.20,0.0440,0.0445,0.0436
46.950,1.0089,0.2041,0.0096,0.0293,0.20,0.0428,0.0433,0.0424
47.000,1.0074,0.2041,0.0101,0.0293,0.20,0.0417,0.0421,0.0413
47.050,1.0059,0.2040,0.0107,0.0293,0.20,0.0405,0.0409,0.0402
47.100,1.0045,0.2040,0.0112,0.0293,0.20,0.0394,0.0398,0.0390
47.150,1.0030,0.2039,0.0118,0.0293,0.20,0.0383,0.0386,0.0379
47.200,1.0015,0.2039,0.0123,0.0293,0.20,0.0371,0.0375,0.0368
47.250,1.0001,0.2038,0.0128,0.0293,0.20,0.0360,0.0363,0.0357
47.300,0.9986,0.2038,0.0134,0.0293,0.20,0.0349,0.0352,0.0347
47.350,0.9971,0.2038,0.0139,0.0293,0.20,0.0339,0.0341,0.0336
47.400,0.9957,0.2037,0.0144,0.0293,0.20,0.0328,0.0330,0.0325
47.450,0.9942,0.2037,0.0148,0.0293,0.20,0.0317,0.0319,0.0315
47.500,0.9927,0.2036,0.0153,0.0293,0.20,0.0306,0.0309,0.0304
47.550,0.9913,0.2036,0.0158,0.0293,0.20,0.0296,0.0298,0.0294
47.600,0.9898,0.2035,0.0163,0.0293,0.20,0.0285,0.0287,0.0284
47.650,0.9883,0.2035,0.0167,0.0293,0.20,0.0275,0.0277,0.0273
47.700,0.9869,0.2034,0.0172,0.0293,0.20,0.0265,0.0266,0.0263
47.750,0.9854,0.2034,0.0176,0.0293,0.20,0.0255,0.0256,0.0253
47.800,0.9839,0.2033,0.0180,0.0293,0.20,0.0245,0.0246,0.0243
47.850,0.9825,0.2033,0.0185,0.0293,0.20,0.0235,0.0236,0.0233
47.900,0.9810,0.2033,0.0189,0.0293,0.20,0.0225,0.0226,0.0224
47.950,0.9795,0.2032,0.0193,0.0293,0.20,0.0215,0.0216,0.0214
48.000,0.9781,0.2032,0.0197,0.0293,0.20,0.0205,0.0206,0.0204
48.050,0.9766,0.2031,0.0201,0.0293,0.20,0.0196,0.0197,0.0195
48.100,0.9751,0.2031,0.0205,0.0293,0.20,0.0186,0.0187,0.0185
48.150,0.9737,0.2030,0.0209,0.0293,0.20,0.0177,0.0177,0.0176
48.200,0.9722,0.2030,0.0212,0.0293,0.20,0.0167,0.0168,0.0167
48.250,0.9707,0.2029,0.0216,0.0293,0.20,0.0158,0.0159,0.0158
48.300,0.9693,0.2029,0.0220,0.0293,0.20,0.0149,0.0150,0.0149
48.350,0.9678,0.2029,0.0223,0.0293,0.20,0.0140,0.0141,0.0140
48.400,0.9663,0.2028,0.0227,0.0294,0.20,0.0131,0.0132,0.0131
48.450,0.9649,0.2028,0.0230,0.0294,0.20,0.0122,0.0123,0.0122
48.500,0.9634,0.2027,0.0233,0.0294,0.20,0.0114,0.0114,0.0113
48.550,0.9619,0.2027,0.0236,0.0294,0.20,0.0105,0.0105,0.0105
48.600,0.9605,0.2026,0.0240,0.0294,0.20,0.0096,0.0097,0.0096
48.650,0.9590,0.2026,0.0243,0.0294,0.20,0.0088,0.0088,0.0088
48.700,0.9575,0.2026,0.0246,0.0294,0.20,0.0080,0.0080,0.0079
48.750,0.9561,0.2025,0.0249,0.0294,0.20,0.0071,0.0071,0.0071
48.800,0.9546,0.2025,0.0251,0.0294,0.20,0.0063,0.0063,0.0063
48.850,0.9531,0.2024,0.0254,0.0294,0.20,0.0055,0.0055,0.0055
48.900,0.9517,0.2024,0.0257,0.0294,0.20,0.0047,0.0047,0.0047
48.950,0.9502,0.2024,0.0260,0.0294,0.20,0.0039,0.0039,0.0039
49.000,0.9487,0.2023,0.0262,0.0294,0.20,0.0031,0.0031,0.0031
49.050,0.9473,0.2023,0.0265,0.0294,0.20,0.0024,0.0024,0.0024
49.100,0.9458,0.2022,0.0267,0.0294,0.20,0.0016,0.0016,0.0016
49.150,0.9443,0.2022,0.0270,0.0294,0.20,0.0008,0.0008,0.0008
49.200,0.9429,0.2021,0.0272,0.0294,0.20,0.0001,0.0001,0.0001
49.250,0.9414,0.2021,0.0274,0.0294,0.20,-0.0006,-0.0006,-0.0006
49.300,0.9399,0.2021,0.0276,0.0294,0.20,-0.0014,-0.0014,-0.0014
49.350,0.9385,0.2020,0.0279,0.0294,0.20,-0.0021,-0.0021,-0.0021
49.400,0.9370,0.2020,0.0281,0.0294,0.20,-0.0028,-0.0028,-0.0028
49.450,0.9355,0.2020,0.0283,0.0294,0.20,-0.0035,-0.0035,-0.0035
49.500,0.9341,0.2019,0.0285,0.0294,0.20,-0.0042,-0.0042,-0.0042
49.550,0.9326,0.2019,0.0287,0.0294,0.20,-0.0048,-0.0048,-0.0049
49.600,0.9311,0.2018,0.0288,0.0294,0.20,-0.0055,-0.0055,-0.0055
49.650,0.9297,0.2018,0.0290,0.0294,0.20,-0.0062,-0.0062,-0.0062
49.700,0.9282,0.2018,0.0292,0.0294,0.20,-0.0068,-0.0068,-0.0068
49.750,0.9267,0.2017,0.0293,0.0294,0.20,-0.0075,-0.0075,-0.0075
49.800,0.9253,0.2017,0.0295,0.0294,0.20,-0.0081,-0.0081,-0.0081
49.850,0.9238,0.2016,0.0297,0.0294,0.20,-0.0087,-0.0087,-0.0087
49.900,0.9223,0.2016,0.0298,0.0294,0.20,-0.0093,-0.0093,-0.0094
49.950,0.9209,0.2016,0.0299,0.0294,0.20,-0.0100,-0.0099,-0.0100
50.000,0.9194,0.2015,0.0301,0.0294,0.20,-0.0106,-0.0105,-0.0106
50.050,0.9179,0.2015,0.0302,0.0294,0.20,-0.0111,-0.0111,-0.0112
50.100,0.9165,0.2015,0.0303,0.0294,0.20,-0.0117,-0.0117,-0.0118
50.150,0.9150,0.2014,0.0305,0.0294,0.20,-0.0123,-0.0123,-0.0123
50.200,0.9135,0.2014,0.0306,0.0294,0.20,-0.0129,-0.0128,-0.0129
50.250,0.9120,0.2014,0.0307,0.0294,0.20,-0.0134,-0.0134,-0.0135
50.300,0.9106,0.2013,0.0308,0.0294,0.20,-0.0140,-0.0139,-0.0140
50.350,0.9091,0.2013,0.0309,0.0294,0.20,-0.0145,-0.0144,-0.0145
50.400,0.9076,0.2013,0.0310,0.0294,0.20,-0.0150,-0.0150,-0.0151
50.450,0.9062,0.2012,0.0311,0.0294,0.20,-0.0155,-0.0155,-0.0156
50.500,0.9047,0.2012,0.0311,0.0294,0.20,-0.0161,-0.0160,-0.0161
50.550,0.9032,0.2012,0.0312,0.0294,0.20,-0.0166,-0.0165,-0.0166
50.600,0.9018,0.2011,0.0313,0.0294,0.20,-0.0171,-0.0170,-0.0171
50.650,0.9003,0.2011,0.0314,0.0294,0.20,-0.0175,-0.0175,-0.0176
50.700,0.8988,0.2011,0.0314,0.0294,0.20,-0.0180,-0.0179,-0.0181
50.750,0.8974,0.2010,0.0315,0.0294,0.20,-0.0185,-0.0184,-0.0186
50.800,0.8959,0.2010,0.0315,0.0294,0.20,-0.0189,-0.0189,-0.0190
50.850,0.8944,0.2010,0.0316,0.0294,0.20,-0.0194,-0.0193,-0.0195
50.900,0.8930,0.2009,0.0316,0.0294,0.20,-0.0198,-0.0198,-0.0199
50.950,0.8915,0.2009,0.0316,0.0294,0.20,-0.0203,-0.0202,-0.0204
51.000,0.8900,0.2009,0.0317,0.0293,0.20,-0.0207,-0.0206,-0.0208
51.050,0.8886,0.2008,0.0317,0.0293,0.20,-0.0211,-0.0210,-0.0212
51.100,0.8871,0.2008,0.0317,0.0293,0.20,-0.0215,-0.0214,-0.0216
51.150,0.8856,0.2008,0.0318,0.0293,0.20,-0.0219,-0.0218,-0.0221
51.200,0.8842,0.2007,0.0318,0.0293,0.20,-0.0223,-0.0222,-0.0225
51.250,0.8827,0.2007,0.0318,0.0293,0.20,-0.0227,-0.0226,-0.0228
51.300,0.8812,0.2007,0.0318,0.0293,0.20,-0.0231,-0.0230,-0.0232
51.350,0.8798,0.2007,0.0318,0.0293,0.20,-0.0235,-0.0234,-0.0236
51.400,0.8783,0.2006,0.0318,0.0293,0.20,-0.0238,-0.0237,-0.0240
51.450,0.8768,0.2006,0.0318,0.0293,0.20,-0.0242,-0.0241,-0.0243
51.500,0.8754,0.2006,0.0318,0.0293,0.20,-0.0246,-0.0244,-0.0247
51.550,0.8739,0.2005,0.0318,0.0293,0.20,-0.0249,-0.0248,-0.0250
51.600,0.8724,0.2005,0.0317,0.0293,0.20,-0.0252,-0.0251,-0.0254
51.650,0.8710,0.2005,0.0317,0.0293,0.20,-0.0256,-0.0254,-0.0257
51.700,0.8695,0.2005,0.0317,0.0293,0.20,-0.0259,-0.0257,-0.0260
51.750,0.8680,0.2004,0.0317,0.0293,0.20,-0.0262,-0.0260,-0.0263
51.800,0.8666,0.2004,0.0316,0.0293,0.20,-0.0265,-0.0263,-0.0267
51.850,0.8651,0.2004,0.0316,0.0293,0.20,-0.0268,-0.0266,-0.0270
51.900,0.8636,0.2004,0.0315,0.0293,0.20,-0.0271,-0.0269,-0.0273
51.950,0.8622,0.2003,0.0315,0.0293,0.20,-0.0274,-0.0272,-0.0276
52.000,0.8607,0.2003,0.0315,0.0293,0.20,-0.0277,-0.0275,-0.0278
52.050,0.8592,0.2003,0.0314,0.0293,0.20,-0.0279,-0.0278,-0.0281
52.100,0.8578,0.2002,0.0313,0.0293,0.20,-0.0282,-0.0280,-0.0284
52.150,0.8563,0.2002,0.0313,0.0293,0.20,-0.0284,-0.0283,-0.0286
52.200,0.8548,0.2002,0.0312,0.0293,0.20,-0.0287,-0.0285,-0.0289
52.250,0.8534,0.2002,0.0312,0.0293,0.20,-0.0289,-0.0287,-0.0291
52.300,0.8519,0.2002,0.0311,0.0293,0.20,-0.0292,-0.0290,-0.0294
52.350,0.8504,0.2001,0.0310,0.0293,0.20,-0.0294,-0.0292,-0.0296
52.400,0.8490,0.2001,0.0309,0.0293,0.20,-0.0296,-0.0294,-0.0298
52.450,0.8475,0.2001,0.0308,0.0293,0.20,-0.0298,-0.0296,-0.0300
52.500,0.8460,0.2001,0.0308,0.0293,0.20,-0.0300,-0.0298,-0.0302
52.550,0.8446,0.2000,0.0307,0.0293,0.20,-0.0302,-0.0300,-0.0304
52.600,0.8431,0.2000,0.0306,0.0293,0.20,-0.0304,-0.0302,-0.0306
52.650,0.8416,0.2000,0.0305,0.0293,0.20,-0.0306,-0.0304,-0.0308
52.700,0.8402,0.2000,0.0303,0.0293,0.20,-0.0307,-0.0305,-0.0309
52.750,0.8387,0.1999,0.0302,0.0293,0.20,-0.0309,-0.0307,-0.0311
52.800,0.8372,0.1999,0.0301,0.0293,0.20,-0.0310,-0.0308,-0.0312
52.850,0.8358,0.1999,0.0300,0.0293,0.20,-0.0311,-0.0309,-0.0314
52.900,0.8343,0.1999,0.0298,0.0293,0.20,-0.0313,-0.0310,-0.0315
52.950,0.8329,0.1999,0.0297,0.0293,0.20,-0.0314,-0.0312,-0.0316
53.000,0.8314,0.1998,0.0296,0.0293,0.20,-0.0315,-0.0313,-0.0317
53.050,0.8299,0.1998,0.0295,0.0293,0.00,0.5236,0.5871,0.4715
53.100,0.8284,0.1998,0.0253,0.0299,0.00,0.5236,0.5871,0.4715
53.150,0.8268,0.1999,0.0179,0.0327,0.00,0.5236,0.5871,0.4715
53.200,0.8250,0.2001,0.0086,0.0363,0.00,0.5236,0.5871,0.4715
53.250,0.8227,0.2004,-0.0045,0.0455,0.00,0.5236,0.5871,0.4715
53.300,0.8199,0.2003,-0.0167,0.0563,0.00,0.5236,0.5871,0.4715
53.350,0.8173,0.1998,-0.0209,0.0533,0.00,0.5236,0.5871,0.4715
53.400,0.8151,0.1991,-0.0152,0.0456,0.00,0.5236,0.5871,0.4715
53.450,0.8133,0.1985,-0.0081,0.0392,0.00,0.5236,0.5871,0.4715
53.500,0.8116,0.1981,-0.0022,0.0351,0.00,0.5236,0.5871,0.4715
53.550,0.8100,0.1976,0.0031,0.0327,0.00,0.5236,0.5871,0.4715
53.600,0.8085,0.1972,0.0079,0.0308,0.00,0.5236,0.5871,0.4715
53.650,0.8071,0.1968,0.0124,0.0290,0.00,0.5236,0.5871,0.4715
53.700,0.8058,0.1963,0.0165,0.0282,0.00,0.5236,0.5871,0.4715
53.750,0.8045,0.1959,0.0205,0.0280,0.00,0.5236,0.5871,0.4715
53.800,0.8031,0.1954,0.0243,0.0280,0.00,0.5236,0.5871,0.4715
53.850,0.8018,0.1950,0.0282,0.0280,0.00,0.5236,0.5871,0.4715
53.900,0.8005,0.1945,0.0320,0.0280,0.00,0.5236,0.5871,0.4715
53.950,0.7992,0.1941,0.0359,0.0280,0.00,0.5236,0.5871,0.4715
54.000,0.7978,0.1936,0.0397,0.0280,0.00,0.5236,0.5871,0.4715
54.050,0.7965,0.1931,0.0436,0.0280,0.00,0.5236,0.5871,0.4715
54.100,0.7952,0.1926,0.0474,0.0280,0.00,0.5236,0.5871,0.4715
54.150,0.7939,0.1922,0.0513,0.0280,0.00,0.5236,0.5871,0.4715
54.200,0.7926,0.1917,0.0551,0.0280,0.00,0.5236,0.5871,0.4715
54.250,0.7913,0.1912,0.0589,0.0280,0.00,0.5236,0.5871,0.4715
54.300,0.7900,0.1907,0.0628,0.0280,0.00,0.5236,0.5871,0.4715
54.350,0.7886,0.1902,0.0666,0.0280,0.00,0.5236,0.5871,0.4715
54.400,0.7873,0.1897,0.0704,0.0281,0.00,0.5236,0.5871,0.4715
54.450,0.7860,0.1892,0.0743,0.0281,0.00,0.5236,0.5871,0.4715
54.500,0.7847,0.1886,0.0781,0.0281,0.00,0.5236,0.5871,0.4715
54.550,0.7834,0.1881,0.0819,0.0281,0.00,0.5236,0.5871,0.4715
54.600,0.7821,0.1876,0.0857,0.0281,0.00,0.5236,0.5871,0.4715
54.650,0.7808,0.1870,0.0895,0.0281,0.00,0.5236,0.5871,0.4715
54.700,0.7795,0.1865,0.0933,0.0281,0.00,0.5236,0.5871,0.4715
54.750,0.7782,0.1860,0.0971,0.0281,0.00,0.5236,0.5871,0.4715
54.800,0.7769,0.1854,0.1009,0.0281,0.00,0.5236,0.5871,0.4715
54.850,0.7757,0.1849,0.1047,0.0280,0.00,0.5236,0.5871,0.4715
54.900,0.7744,0.1843,0.1086,0.0280,0.00,0.5236,0.5871,0.4715
54.950,0.7731,0.1837,0.1124,0.0280,0.00,0.5236,0.5871,0.4715
55.000,0.7718,0.1832,0.1163,0.0280,0.00,0.5236,0.5871,0.4715
55.050,0.7705,0.1826,0.1201,0.0280,0.00,0.5236,0.5871,0.4715
55.100,0.7693,0.1820,0.1240,0.0280,0.00,0.5236,0.5871,0.4715
55.150,0.7680,0.1814,0.1279,0.0280,0.00,0.5236,0.5871,0.4715
55.200,0.7667,0.1808,0.1318,0.0281,0.00,0.5236,0.5871,0.4715
55.250,0.7654,0.1803,0.1357,0.0280,0.00,0.5236,0.5871,0.4715
55.300,0.7642,0.1797,0.1395,0.0280,0.00,0.5236,0.5871,0.4715
55.350,0.7629,0.1791,0.1434,0.0279,0.00,0.5236,0.5871,0.4715
55.400,0.7617,0.1784,0.1473,0.0279,0.00,0.5236,0.5871,0.4715
55.450,0.7604,0.1778,0.1511,0.0279,0.00,0.5236,0.5871,0.4715
55.500,0.7592,0.1772,0.1549,0.0279,0.00,0.5236,0.5871,0.4715
55.550,0.7579,0.1766,0.1588,0.0279,0.00,0.5236,0.5871,0.4715
55.600,0.7567,0.1760,0.1627,0.0280,0.00,0.5236,0.5871,0.4715
55.650,0.7554,0.1753,0.1665,0.0280,0.00,0.5236,0.5871,0.4715
55.700,0.7542,0.1747,0.1704,0.0280,0.00,0.5236,0.5871,0.4715
55.750,0.7529,0.1740,0.1743,0.0280,0.00,0.5236,0.5871,0.4715
55.800,0.7517,0.1734,0.1782,0.0280,0.00,0.5236,0.5871,0.4715
55.850,0.7504,0.1727,0.1821,0.0280,0.00,0.5236,0.5871,0.4715
55.900,0.7492,0.1721,0.1860,0.0280,0.00,0.5236,0.5871,0.4715
55.950,0.7480,0.1714,0.1898,0.0280,0.00,0.5236,0.5871,0.4715
56.000,0.7468,0.1708,0.1937,0.0280,0.00,0.5236,0.5871,0.4715
56.050,0.7455,0.1701,0.1976,0.0280,0.00,0.5236,0.5871,0.4715
56.100,0.7443,0.1694,0.2015,0.0280,0.00,0.5236,0.5871,0.4715
56.150,0.7431,0.1687,0.2054,0.0280,0.00,0.5236,0.5871,0.4715
56.200,0.7419,0.1680,0.2093,0.0280,0.00,0.5236,0.5871,0.4715
56.250,0.7406,0.1673,0.2131,0.0280,0.00,0.5236,0.5871,0.4715
56.300,0.7394,0.1667,0.2170,0.0280,0.00,0.5236,0.5871,0.4715
56.350,0.7382,0.1659,0.2209,0.0280,0.00,0.5236,0.5871,0.4715
56.400,0.7370,0.1652,0.2248,0.0280,0.00,0.5236,0.5871,0.4715
56.450,0.7358,0.1645,0.2287,0.0280,0.00,0.5236,0.5871,0.4715
56.500,0.7346,0.1638,0.2326,0.0280,0.00,0.5236,0.5871,0.4715
56.550,0.7334,0.1631,0.2365,0.0280,0.00,0.5236,0.5871,0.4715
56.600,0.7322,0.1624,0.2404,0.0280,0.00,0.5236,0.5871,0.4715
56.650,0.7310,0.1616,0.2443,0.0280,0.00,0.5236,0.5871,0.4715
56.700,0.7298,0.1609,0.2481,0.0280,0.00,0.5236,0.5871,0.4715
56.750,0.7286,0.1602,0.2520,0.0280,0.00,0.5236,0.5871,0.4715
56.800,0.7274,0.1594,0.2559,0.0280,0.00,0.5236,0.5871,0.4715
56.850,0.7263,0.1587,0.2597,0.0280,0.00,0.5236,0.5871,0.4715
56.900,0.7251,0.1579,0.2636,0.0280,0.00,0.5236,0.5871,0.4715
56.950,0.7239,0.1572,0.2675,0.0280,0.00,0.5236,0.5871,0.4715
57.000,0.7227,0.1564,0.2713,0.0280,0.00,0.5236,0.5871,0.4715
57.050,0.7216,0.1556,0.2752,0.0280,0.00,0.5236,0.5871,0.4715
57.100,0.7204,0.1549,0.2791,0.0280,0.00,0.5236,0.5871,0.4715
57.150,0.7192,0.1541,0.2830,0.0280,0.00,0.5236,0.5871,0.4715
57.200,0.7181,0.1533,0.2868,0.0280,0.00,0.5236,0.5871,0.4715
57.250,0.7169,0.1525,0.2907,0.0280,0.00,0.5236,0.5871,0.4715
57.300,0.7158,0.1517,0.2946,0.0280,0.00,0.5236,0.5871,0.4715
57.350,0.7146,0.1510,0.2984,0.0280,0.00,0.5236,0.5871,0.4715
57.400,0.7135,0.1502,0.3023,0.0280,0.00,0.5236,0.5871,0.4715
57.450,0.7123,0.1494,0.3062,0.0280,0.00,0.5236,0.5871,0.4715
57.500,0.7112,0.1485,0.3100,0.0280,0.00,0.5236,0.5871,0.4715
57.550,0.7100,0.1477,0.3139,0.0280,0.00,0.5236,0.5871,0.4715
57.600,0.7089,0.1469,0.3178,0.0280,0.00,0.5236,0.5871,0.4715
57.650,0.7078,0.1461,0.3216,0.0280,0.00,0.5236,0.5871,0.4715
57.700,0.7066,0.1453,0.3255,0.0280,0.00,0.5236,0.5871,0.4715
57.750,0.7055,0.1444,0.3294,0.0280,0.00,0.5236,0.5871,0.4715
57.800,0.7044,0.1436,0.3332,0.0280,0.00,0.5236,0.5871,0.4715
57.850,0.7033,0.1428,0.3371,0.0280,0.00,0.5236,0.5871,0.4715
57.900,0.7021,0.1419,0.3410,0.0280,0.00,0.5236,0.5871,0.4715
57.950,0.7010,0.1411,0.3448,0.0280,0.00,0.5236,0.5871,0.4715
58.000,0.6999,0.1402,0.3487,0.0280,0.00,0.5236,0.5871,0.4715
58.050,0.6988,0.1394,0.3526,0.0280,0.00,0.5236,0.5871,0.4715
58.100,0.6977,0.1385,0.3564,0.0280,0.00,0.5236,0.5871,0.4715
58.150,0.6966,0.1377,0.3603,0.0280,0.00,0.5236,0.5871,0.4715
58.200,0.6955,0.1368,0.3642,0.0280,0.00,0.5236,0.5871,0.4715
58.250,0.6944,0.1359,0.3680,0.0280,0.00,0.5236,0.5871,0.4715
58.300,0.6933,0.1350,0.3719,0.0280,0.00,0.5236,0.5871,0.4715
58.350,0.6922,0.1342,0.3757,0.0280,0.00,0.5236,0.5871,0.4715
58.400,0.6911,0.1333,0.3796,0.0280,0.00,0.5236,0.5871,0.4715
58.450,0.6901,0.1324,0.3835,0.0280,0.00,0.5236,0.5871,0.4715
58.500,0.6890,0.1315,0.3873,0.0280,0.00,0.5236,0.5871,0.4715
58.550,0.6879,0.1306,0.3912,0.0280,0.00,0.5236,0.5871,0.4715
58.600,0.6868,0.1297,0.3951,0.0280,0.00,0.5236,0.5871,0.4715
58.650,0.6858,0.1288,0.3989,0.0280,0.00,0.5236,0.5871,0.4715
58.700,0.6847,0.1279,0.4028,0.0280,0.00,0.5236,0.5871,0.4715
58.750,0.6836,0.1270,0.4066,0.0280,0.00,0.5236,0.5871,0.4715
58.800,0.6826,0.1261,0.4105,0.0280,0.00,0.5236,0.5871,0.4715
58.850,0.6815,0.1251,0.4144,0.0280,0.00,0.5236,0.5871,0.4715
58.900,0.6805,0.1242,0.4182,0.0280,0.00,0.5236,0.5871,0.4715
58.950,0.6794,0.1233,0.4221,0.0280,0.00,0.5236,0.5871,0.4715
59.000,0.6784,0.1224,0.4259,0.0280,0.00,0.5236,0.5871,0.4715
59.050,0.6774,0.1214,0.4298,0.0280,0.00,0.5236,0.5871,0.4715
59.100,0.6763,0.1205,0.4337,0.0280,0.00,0.5236,0.5871,0.4715
59.150,0.6753,0.1195,0.4375,0.0280,0.00,0.5236,0.5871,0.4715
59.200,0.6743,0.1186,0.4414,0.0280,0.00,0.5236,0.5871,0.4715
59.250,0.6732,0.1176,0.4452,0.0280,0.00,0.5236,0.5871,0.4715
59.300,0.6722,0.1167,0.4491,0.0280,0.00,0.5236,0.5871,0.4715
59.350,0.6712,0.1157,0.4530,0.0280,0.00,0.5236,0.5871,0.4715
59.400,0.6702,0.1147,0.4568,0.0280,0.00,0.5236,0.5871,0.4715
59.450,0.6692,0.1138,0.4607,0.0280,0.00,0.5212,0.5842,0.4696
59.500,0.6682,0.1128,0.4648,0.0276,0.00,0.5179,0.5802,0.4669
59.550,0.6672,0.1119,0.4692,0.0273,0.00,0.5138,0.5751,0.4635
59.600,0.6662,0.1109,0.4737,0.0270,0.00,0.5090,0.5692,0.4594
59.650,0.6652,0.1100,0.4784,0.0267,0.00,0.5035,0.5625,0.4549
59.700,0.6643,0.1091,0.4831,0.0265,0.00,0.4974,0.5550,0.4498
59.750,0.6633,0.1082,0.4879,0.0264,0.00,0.4908,0.5470,0.4444
59.800,0.6624,0.1073,0.4927,0.0263,0.00,0.4834,0.5380,0.4382
59.850,0.6614,0.1064,0.4977,0.0261,0.00,0.4762,0.5292,0.4322
59.900,0.6605,0.1055,0.5026,0.0261,0.00,0.4677,0.5190,0.4251
59.950,0.6596,0.1046,0.5076,0.0260,0.00,0.4602,0.5099,0.4188
60.000,0.6586,0.1037,0.5125,0.0260,0.00,0.4509,0.4986,0.4110
60.050,0.6577,0.1028,0.5175,0.0259,0.00,0.4432,0.4894,0.4045
60.100,0.6567,0.1019,0.5224,0.0260,0.00,0.4328,0.4769,0.3957
60.150,0.6558,0.1010,0.5275,0.0259,0.00,0.4257,0.4684,0.3897
60.200,0.6548,0.1001,0.5322,0.0261,0.00,0.4137,0.4541,0.3796
60.250,0.6539,0.0992,0.5373,0.0258,0.00,0.4079,0.4472,0.3746
60.300,0.6530,0.0983,0.5419,0.0262,0.00,0.3937,0.4304,0.3625
60.350,0.6520,0.0974,0.5471,0.0258,0.00,0.3901,0.4261,0.3594
60.400,0.6510,0.0965,0.5513,0.0265,0.00,0.3718,0.4045,0.3437
60.450,0.6501,0.0957,0.5568,0.0256,0.00,0.3735,0.4066,0.3452
60.500,0.6491,0.0947,0.5605,0.0271,0.00,0.3456,0.3740,0.3211
60.550,0.6482,0.0939,0.5663,0.0251,0.00,0.3624,0.3935,0.3356
60.600,0.6472,0.0929,0.5689,0.0282,0.00,0.3135,0.3368,0.2930
60.650,0.6462,0.0921,0.5752,0.0244,0.00,0.3539,0.3836,0.3283
60.700,0.6452,0.0911,0.5774,0.0281,0.00,0.2973,0.3183,0.2788
60.750,0.6443,0.0903,0.5826,0.0260,0.00,0.3153,0.3389,0.2947
60.800,0.6433,0.0894,0.5863,0.0263,0.00,0.3030,0.3248,0.2838
60.850,0.6423,0.0885,0.5902,0.0268,0.00,0.2867,0.3062,0.2694
60.900,0.6413,0.0876,0.5948,0.0260,0.00,0.2875,0.3072,0.2702
60.950,0.6403,0.0867,0.5979,0.0277,0.00,0.2569,0.2725,0.2429
61.000,0.6393,0.0859,0.6033,0.0252,0.00,0.2814,0.3003,0.2648
61.050,0.6383,0.0848,0.6047,0.0296,0.00,0.2151,0.2261,0.2051
61.100,0.6373,0.0841,0.6105,0.0245,0.00,0.2726,0.2902,0.2569
61.150,0.6363,0.0831,0.6131,0.0284,0.00,0.2114,0.2219,0.2017
61.200,0.6354,0.0823,0.6172,0.0231,0.00,0.2766,0.2948,0.2605
61.250,0.6342,0.0813,0.6187,0.0318,0.00,0.1530,0.1585,0.1479
61.300,0.6333,0.0805,0.6225,0.0245,0.00,0.2398,0.2534,0.2275
61.350,0.6322,0.0795,0.6247,0.0301,0.00,0.1559,0.1617,0.1506
61.400,0.6313,0.0786,0.6292,0.0251,0.00,0.2124,0.2231,0.2027
61.450,0.6302,0.0776,0.6320,0.0305,0.00,0.1322,0.1363,0.1284
61.500,0.6293,0.0768,0.6369,0.0231,0.00,0.2220,0.2337,0.2114
61.550,0.6282,0.0759,0.6395,0.0292,0.00,0.1298,0.1337,0.1260
61.600,0.6273,0.0750,0.6434,0.0251,0.00,0.1749,0.1821,0.1682
61.650,0.6261,0.0741,0.6451,0.0294,0.00,0.1092,0.1120,0.1066
61.700,0.6252,0.0733,0.6492,0.0241,0.00,0.1719,0.1788,0.1654
61.750,0.6241,0.0723,0.6510,0.0292,0.00,0.0944,0.0965,0.0924
61.800,0.6232,0.0715,0.6541,0.0254,0.00,0.1369,0.1413,0.1328
61.850,0.6221,0.0706,0.6558,0.0290,0.00,0.0790,0.0804,0.0776
61.900,0.6210,0.0697,0.6602,0.0266,0.00,0.1011,0.1035,0.0988
61.950,0.6199,0.0688,0.6626,0.0283,0.00,0.0697,0.0709,0.0686
62.000,0.6188,0.0680,0.6661,0.0274,0.00,0.0715,0.0727,0.0704
62.050,0.6177,0.0671,0.6684,0.0282,0.00,0.0530,0.0536,0.0523
62.100,0.6166,0.0663,0.6713,0.0277,0.00,0.0496,0.0501,0.0490
62.150,0.6155,0.0654,0.6733,0.0284,0.00,0.0322,0.0324,0.0320
62.200,0.6143,0.0646,0.6759,0.0290,0.00,0.0158,0.0158,0.0157
62.250,0.6131,0.0637,0.6790,0.0297,0.00,-0.0033,-0.0033,-0.0033
62.300,0.6119,0.0628,0.6824,0.0306,0.00,-0.0236,-0.0235,-0.0237
62.350,0.6106,0.0619,0.6861,0.0309,0.00,-0.0383,-0.0380,-0.0387
62.400,0.6094,0.0610,0.6893,0.0307,0.00,-0.0465,-0.0460,-0.0470
62.450,0.6081,0.0601,0.6916,0.0302,0.00,-0.0491,-0.0485,-0.0496
62.500,0.6070,0.0592,0.6927,0.0299,0.00,-0.0548,-0.0541,-0.0555
62.550,0.6058,0.0583,0.6936,0.0299,0.00,-0.0628,-0.0619,-0.0637
62.600,0.6046,0.0574,0.6947,0.0300,0.00,-0.0717,-0.0706,-0.0729
62.650,0.6034,0.0565,0.6960,0.0301,0.00,-0.0815,-0.0800,-0.0830
62.700,0.6021,0.0557,0.6975,0.0302,0.00,-0.0917,-0.0898,-0.0937
62.750,0.6009,0.0548,0.6991,0.0303,0.00,-0.1021,-0.0998,-0.1046
62.800,0.5997,0.0539,0.7006,0.0304,0.00,-0.1123,-0.1095,-0.1153
62.850,0.5984,0.0530,0.7021,0.0305,0.00,-0.1223,-0.1190,-0.1258
62.900,0.5972,0.0521,0.7035,0.0305,0.00,-0.1319,-0.1280,-0.1360
62.950,0.5959,0.0512,0.7048,0.0305,0.00,-0.1411,-0.1367,-0.1458
63.000,0.5947,0.0504,0.7060,0.0306,0.00,-0.1501,-0.1452,-0.1554
63.050,0.5934,0.0495,0.7070,0.0306,0.00,-0.1589,-0.1534,-0.1649
63.100,0.5922,0.0487,0.7079,0.0306,0.00,-0.1676,-0.1614,-0.1742
63.150,0.5909,0.0478,0.7087,0.0306,0.00,-0.1762,-0.1694,-0.1835
63.200,0.5896,0.0469,0.7094,0.0306,0.00,-0.1848,-0.1774,-0.1929
63.250,0.5883,0.0461,0.7100,0.0306,0.00,-0.1934,-0.1853,-0.2023
63.300,0.5871,0.0452,0.7106,0.0306,0.00,-0.2022,-0.1933,-0.2118
63.350,0.5858,0.0444,0.7111,0.0307,0.00,-0.2121,-0.2024,-0.2227
63.400,0.5845,0.0436,0.7115,0.0309,0.00,-0.2221,-0.2115,-0.2338
63.450,0.5832,0.0428,0.7117,0.0309,0.00,-0.2299,-0.2186,-0.2424
63.500,0.5818,0.0420,0.7117,0.0306,0.00,-0.2345,-0.2227,-0.2475
63.550,0.5806,0.0412,0.7111,0.0302,0.00,-0.2371,-0.2251,-0.2505
63.600,0.5793,0.0404,0.7101,0.0298,0.00,-0.2402,-0.2279,-0.2539
63.650,0.5780,0.0396,0.7089,0.0297,0.00,-0.2456,-0.2327,-0.2599
63.700,0.5767,0.0389,0.7080,0.0299,0.00,-0.2546,-0.2408,-0.2700
63.750,0.5754,0.0381,0.7075,0.0304,0.00,-0.2669,-0.2518,-0.2838
63.800,0.5741,0.0374,0.7074,0.0311,0.00,-0.2804,-0.2638,-0.2991
63.850,0.5727,0.0366,0.7075,0.0314,0.00,-0.2913,-0.2735,-0.3115
63.900,0.5713,0.0359,0.7074,0.0312,0.00,-0.2967,-0.2783,-0.3176
63.950,0.5699,0.0352,0.7065,0.0305,0.00,-0.2961,-0.2778,-0.3170
64.000,0.5687,0.0345,0.7045,0.0298,0.00,-0.2965,-0.2781,-0.3174
64.050,0.5674,0.0337,0.7028,0.0291,0.00,-0.2955,-0.2772,-0.3163
64.100,0.5661,0.0330,0.7007,0.0290,0.00,-0.3005,-0.2817,-0.3220
64.150,0.5648,0.0323,0.6992,0.0300,0.00,-0.3157,-0.2950,-0.3393
64.200,0.5634,0.0315,0.6987,0.0327,0.00,-0.3458,-0.3212,-0.3742
64.250,0.5618,0.0306,0.6994,0.0364,0.00,-0.3808,-0.3515,-0.4152
64.300,0.5600,0.0298,0.7006,0.0396,0.00,-0.4093,-0.3758,-0.4489
64.350,0.5581,0.0289,0.7017,0.0413,0.00,-0.4273,-0.3911,-0.4703
64.400,0.5563,0.0281,0.7013,0.0399,0.00,-0.4273,-0.3911,-0.4704
64.450,0.5547,0.0273,0.6988,0.0349,0.00,-0.4036,-0.3710,-0.4421
64.500,0.5535,0.0267,0.6935,0.0272,0.00,-0.3499,-0.3248,-0.3790
64.550,0.5527,0.0261,0.6847,0.0204,0.00,-0.2795,-0.2631,-0.2981
64.600,0.5521,0.0256,0.6729,0.0152,0.00,-0.2026,-0.1937,-0.2123
64.650,0.5520,0.0252,0.6600,0.0089,0.00,-0.0721,-0.0709,-0.0733
64.700,0.5516,0.0249,0.6465,0.0095,0.00,-0.0783,-0.0769,-0.0797
64.750,0.5507,0.0245,0.6386,0.0189,0.00,-0.2381,-0.2260,-0.2515
64.800,0.5496,0.0238,0.6384,0.0271,0.00,-0.3285,-0.3062,-0.3542
64.850,0.5483,0.0228,0.6431,0.0323,0.00,-0.3796,-0.3505,-0.4138
64.900,0.5470,0.0218,0.6513,0.0329,0.00,-0.4023,-0.3698,-0.4405
64.950,0.5452,0.0206,0.6587,0.0426,0.00,-0.4650,-0.4228,-0.5157
65.000,0.5428,0.0194,0.6649,0.0538,0.00,-0.5139,-0.4635,-0.5753
65.050,0.5400,0.0183,0.6700,0.0607,0.00,-0.5236,-0.4715,-0.5871
65.100,0.5374,0.0173,0.6691,0.0561,0.00,-0.5236,-0.4715,-0.5871
65.150,0.5353,0.0165,0.6634,0.0439,0.00,-0.5111,-0.4612,-0.5718
65.200,0.5337,0.0159,0.6562,0.0353,0.00,-0.4830,-0.4379,-0.5375
65.250,0.5324,0.0153,0.6475,0.0278,0.00,-0.4479,-0.4085,-0.4951
65.300,0.5314,0.0149,0.6376,0.0208,0.00,-0.3999,-0.3678,-0.4377
65.350,0.5307,0.0145,0.6270,0.0174,0.00,-0.3679,-0.3404,-0.4000
65.400,0.5299,0.0141,0.6166,0.0171,0.00,-0.3623,-0.3356,-0.3934
65.450,0.5289,0.0136,0.6097,0.0234,0.00,-0.4094,-0.3759,-0.4490
65.500,0.5273,0.0129,0.6085,0.0350,0.00,-0.4660,-0.4237,-0.5169
65.550,0.5252,0.0122,0.6107,0.0439,0.00,-0.4978,-0.4501,-0.5555
65.600,0.5229,0.0116,0.6117,0.0470,0.00,-0.5104,-0.4606,-0.5710
65.650,0.5209,0.0110,0.6093,0.0423,0.00,-0.5044,-0.4556,-0.5636
65.700,0.5192,0.0105,0.6045,0.0349,0.00,-0.4884,-0.4423,-0.5440
65.750,0.5179,0.0100,0.5986,0.0291,0.00,-0.4719,-0.4286,-0.5240
65.800,0.5166,0.0095,0.5923,0.0263,0.00,-0.4627,-0.4209,-0.5129
65.850,0.5154,0.0090,0.5864,0.0262,0.00,-0.4626,-0.4208,-0.5128
65.900,0.5141,0.0086,0.5823,0.0280,0.00,-0.4701,-0.4271,-0.5219
65.950,0.5126,0.0081,0.5797,0.0305,0.00,-0.4803,-0.4356,-0.5342
66.000,0.5111,0.0076,0.5778,0.0318,0.00,-0.4867,-0.4410,-0.5420
66.050,0.5096,0.0072,0.5757,0.0313,0.00,-0.4886,-0.4425,-0.5443
66.100,0.5082,0.0068,0.5730,0.0300,0.00,-0.4879,-0.4419,-0.5434
66.150,0.5068,0.0064,0.5695,0.0287,0.00,-0.4867,-0.4409,-0.5420
66.200,0.5054,0.0060,0.5658,0.0283,0.00,-0.4869,-0.4411,-0.5423
66.250,0.5040,0.0057,0.5622,0.0284,0.00,-0.4885,-0.4424,-0.5442
66.300,0.5027,0.0053,0.5588,0.0287,0.00,-0.4904,-0.4440,-0.5465
66.350,0.5013,0.0049,0.5555,0.0288,0.00,-0.4920,-0.4454,-0.5485
66.400,0.4999,0.0046,0.5522,0.0288,0.00,-0.4933,-0.4464,-0.5500
66.450,0.4985,0.0042,0.5489,0.0287,0.00,-0.4943,-0.4473,-0.5513
66.500,0.4971,0.0039,0.5455,0.0287,0.00,-0.4953,-0.4481,-0.5525
66.550,0.4957,0.0035,0.5421,0.0287,0.00,-0.4962,-0.4489,-0.5536
66.600,0.4943,0.0032,0.5386,0.0286,0.00,-0.4970,-0.4495,-0.5545
66.650,0.4929,0.0029,0.5351,0.0285,0.00,-0.4977,-0.4500,-0.5554
66.700,0.4915,0.0026,0.5315,0.0285,0.00,-0.4983,-0.4506,-0.5561
66.750,0.4901,0.0022,0.5280,0.0285,0.00,-0.4988,-0.4510,-0.5568
66.800,0.4888,0.0019,0.5244,0.0285,0.00,-0.4993,-0.4514,-0.5574
66.850,0.4874,0.0016,0.5208,0.0284,0.00,-0.4997,-0.4518,-0.5579
66.900,0.4860,0.0013,0.5172,0.0284,0.00,-0.5000,-0.4520,-0.5583
66.950,0.4846,0.0010,0.5136,0.0284,0.00,-0.5003,-0.4522,-0.5586
67.000,0.4832,0.0007,0.5100,0.0284,0.00,-0.5004,-0.4524,-0.5588
67.050,0.4818,0.0004,0.5063,0.0284,0.00,-0.5005,-0.4524,-0.5589
67.100,0.4804,0.0002,0.5027,0.0283,0.00,-0.5005,-0.4524,-0.5589
67.150,0.4790,-0.0001,0.4990,0.0283,0.00,-0.5005,-0.4524,-0.5588
67.200,0.4776,-0.0004,0.4953,0.0283,0.00,-0.5003,-0.4523,-0.5586
67.250,0.4763,-0.0007,0.4916,0.0283,0.00,-0.5001,-0.4521,-0.5584
67.300,0.4749,-0.0009,0.4879,0.0283,0.00,-0.4998,-0.4519,-0.5580
67.350,0.4735,-0.0012,0.4842,0.0282,0.00,-0.4995,-0.4516,-0.5576
67.400,0.4721,-0.0014,0.4805,0.0282,0.00,-0.4991,-0.4512,-0.5571
67.450,0.4707,-0.0017,0.4767,0.0282,0.00,-0.4986,-0.4508,-0.5565
67.500,0.4693,-0.0019,0.4730,0.0282,0.00,-0.4980,-0.4504,-0.5558
67.550,0.4679,-0.0022,0.4692,0.0282,0.00,-0.4974,-0.4499,-0.5551
67.600,0.4665,-0.0024,0.4654,0.0282,0.00,-0.4967,-0.4493,-0.5543
67.650,0.4652,-0.0026,0.4617,0.0281,0.00,-0.4960,-0.4487,-0.5534
67.700,0.4638,-0.0028,0.4579,0.0281,0.00,-0.4952,-0.4480,-0.5524
67.750,0.4624,-0.0031,0.4541,0.0281,0.00,-0.4943,-0.4473,-0.5513
67.800,0.4610,-0.0033,0.4503,0.0281,0.00,-0.4934,-0.4465,-0.5502
67.850,0.4596,-0.0035,0.4465,0.0281,0.00,-0.4924,-0.4457,-0.5490
67.900,0.4582,-0.0037,0.4427,0.0281,0.00,-0.4914,-0.4448,-0.5477
67.950,0.4568,-0.0039,0.4389,0.0281,0.00,-0.4903,-0.4439,-0.5464
68.000,0.4554,-0.0041,0.4351,0.0280,0.00,-0.4891,-0.4430,-0.5450
68.050,0.4540,-0.0043,0.4313,0.0280,0.00,-0.4879,-0.4420,-0.5435
68.100,0.4527,-0.0045,0.4275,0.0280,0.00,-0.4867,-0.4409,-0.5420
68.150,0.4513,-0.0047,0.4237,0.0280,0.00,-0.4853,-0.4398,-0.5404
68.200,0.4499,-0.0049,0.4199,0.0280,0.00,-0.4840,-0.4387,-0.5387
68.250,0.4485,-0.0051,0.4161,0.0280,0.00,-0.4825,-0.4375,-0.5370
68.300,0.4471,-0.0052,0.4123,0.0280,0.00,-0.4811,-0.4362,-0.5352
68.350,0.4457,-0.0054,0.4085,0.0280,0.00,-0.4795,-0.4350,-0.5333
68.400,0.4443,-0.0056,0.4046,0.0280,0.00,-0.4780,-0.4337,-0.5314
68.450,0.4429,-0.0057,0.4008,0.0280,0.00,-0.4764,-0.4323,-0.5295
68.500,0.4416,-0.0059,0.3970,0.0280,0.00,-0.4747,-0.4309,-0.5274
68.550,0.4402,-0.0061,0.3932,0.0280,0.00,-0.4730,-0.4295,-0.5254
68.600,0.4388,-0.0062,0.3894,0.0279,0.00,-0.4713,-0.4281,-0.5233
68.650,0.4374,-0.0064,0.3856,0.0279,0.00,-0.4695,-0.4266,-0.5211
68.700,0.4360,-0.0065,0.3819,0.0279,0.00,-0.4676,-0.4250,-0.5189
68.750,0.4346,-0.0067,0.3781,0.0279,0.00,-0.4658,-0.4235,-0.5166
68.800,0.4332,-0.0068,0.3743,0.0279,0.00,-0.4639,-0.4219,-0.5143
68.850,0.4318,-0.0070,0.3705,0.0279,0.00,-0.4619,-0.4202,-0.5119
68.900,0.4304,-0.0071,0.3668,0.0279,0.00,-0.4599,-0.4186,-0.5096
68.950,0.4291,-0.0072,0.3630,0.0279,0.00,-0.4579,-0.4169,-0.5071
69.000,0.4277,-0.0074,0.3593,0.0279,0.00,-0.4559,-0.4152,-0.5047
69.050,0.4263,-0.0075,0.3555,0.0279,0.00,-0.4538,-0.4134,-0.5021
69.100,0.4249,-0.0076,0.3518,0.0279,0.00,-0.4516,-0.4116,-0.4996
69.150,0.4235,-0.0077,0.3481,0.0279,0.00,-0.4495,-0.4098,-0.4970
69.200,0.4221,-0.0078,0.3443,0.0279,0.00,-0.4473,-0.4080,-0.4943
69.250,0.4207,-0.0080,0.3406,0.0279,0.00,-0.4451,-0.4061,-0.4917
69.300,0.4193,-0.0081,0.3369,0.0279,0.00,-0.4428,-0.4042,-0.4890
69.350,0.4179,-0.0082,0.3332,0.0279,0.00,-0.4405,-0.4023,-0.4862
69.400,0.4165,-0.0083,0.3296,0.0279,0.00,-0.4382,-0.4003,-0.4834
69.450,0.4151,-0.0084,0.3259,0.0280,0.00,-0.4359,-0.3983,-0.4806
69.500,0.4137,-0.0085,0.3223,0.0279,0.00,-0.4335,-0.3964,-0.4778
69.550,0.4123,-0.0086,0.3186,0.0280,0.00,-0.4311,-0.3943,-0.4749
69.600,0.4110,-0.0087,0.3150,0.0280,0.00,-0.4287,-0.3923,-0.4721
69.650,0.4096,-0.0088,0.3114,0.0280,0.00,-0.4263,-0.3902,-0.4691
69.700,0.4082,-0.0089,0.3078,0.0280,0.00,-0.4238,-0.3881,-0.4662
69.750,0.4068,-0.0089,0.3042,0.0280,0.00,-0.4213,-0.3860,-0.4632
69.800,0.4054,-0.0090,0.3006,0.0280,0.00,-0.4188,-0.3839,-0.4602
69.850,0.4040,-0.0091,0.2970,0.0280,0.00,-0.4163,-0.3817,-0.4572
69.900,0.4026,-0.0092,0.2935,0.0280,0.00,-0.4137,-0.3796,-0.4542
69.950,0.4012,-0.0093,0.2900,0.0280,0.00,-0.4112,-0.3774,-0.4511
70.000,0.3998,-0.0093,0.2864,0.0280,0.00,-0.4086,-0.3752,-0.4480
70.050,0.3984,-0.0094,0.2829,0.0280,0.00,-0.4060,-0.3730,-0.4449
70.100,0.3970,-0.0095,0.2794,0.0280,0.00,-0.4034,-0.3708,-0.4418
70.150,0.3956,-0.0095,0.2760,0.0280,0.00,-0.4007,-0.3685,-0.4387
70.200,0.3942,-0.0096,0.2725,0.0280,0.00,-0.3981,-0.3662,-0.4355
70.250,0.3928,-0.0097,0.2691,0.0280,0.00,-0.3954,-0.3640,-0.4324
70.300,0.3914,-0.0097,0.2657,0.0281,0.00,-0.3927,-0.3617,-0.4292
70.350,0.3900,-0.0098,0.2622,0.0281,0.00,-0.3900,-0.3593,-0.4260
70.400,0.3886,-0.0098,0.2589,0.0281,0.00,-0.3873,-0.3570,-0.4228
70.450,0.3872,-0.0099,0.2555,0.0281,0.00,-0.3845,-0.3547,-0.4196
70.500,0.3858,-0.0099,0.2521,0.0281,0.00,-0.3818,-0.3523,-0.4163
70.550,0.3844,-0.0100,0.2488,0.0281,0.00,-0.3790,-0.3500,-0.4131
70.600,0.3830,-0.0100,0.2455,0.0281,0.00,-0.3763,-0.3476,-0.4098
70.650,0.3815,-0.0101,0.2422,0.0281,0.00,-0.3735,-0.3452,-0.4066
70.700,0.3801,-0.0101,0.2389,0.0281,0.00,-0.3707,-0.3428,-0.4033
70.750,0.3787,-0.0102,0.2356,0.0281,0.00,-0.3679,-0.3404,-0.4000
70.800,0.3773,-0.0102,0.2324,0.0282,0.00,-0.3651,-0.3380,-0.3967
70.850,0.3759,-0.0102,0.2291,0.0282,0.00,-0.3623,-0.3356,-0.3934
70.900,0.3745,-0.0103,0.2259,0.0282,0.00,-0.3595,-0.3331,-0.3902
70.950,0.3731,-0.0103,0.2227,0.0282,0.00,-0.3567,-0.3307,-0.3869
71.000,0.3717,-0.0103,0.2195,0.0282,0.00,-0.3538,-0.3282,-0.3835
71.050,0.3703,-0.0103,0.2164,0.0282,0.00,-0.3510,-0.3258,-0.3802
71.100,0.3689,-0.0104,0.2133,0.0282,0.00,-0.3481,-0.3233,-0.3769
71.150,0.3675,-0.0104,0.2101,0.0282,0.00,-0.3453,-0.3208,-0.3736
71.200,0.3661,-0.0104,0.2070,0.0282,0.00,-0.3424,-0.3184,-0.3703
71.250,0.3646,-0.0104,0.2040,0.0283,0.00,-0.3396,-0.3159,-0.3670
71.300,0.3632,-0.0105,0.2009,0.0283,0.00,-0.3367,-0.3134,-0.3637
71.350,0.3618,-0.0105,0.1979,0.0283,0.00,-0.3338,-0.3109,-0.3603
71.400,0.3604,-0.0105,0.1949,0.0283,0.00,-0.3310,-0.3084,-0.3570
71.450,0.3590,-0.0105,0.1919,0.0283,0.00,-0.3281,-0.3059,-0.3537
71.500,0.3576,-0.0105,0.1889,0.0283,0.00,-0.3252,-0.3034,-0.3504
71.550,0.3562,-0.0105,0.1859,0.0283,0.00,-0.3224,-0.3008,-0.3470
71.600,0.3547,-0.0105,0.1830,0.0283,0.00,-0.3195,-0.2983,-0.3438
71.650,0.3533,-0.0105,0.1801,0.0283,0.00,-0.3166,-0.2958,-0.3404
71.700,0.3519,-0.0105,0.1772,0.0283,0.00,-0.3137,-0.2933,-0.3371
71.750,0.3505,-0.0105,0.1743,0.0284,0.00,-0.3109,-0.2908,-0.3338
71.800,0.3491,-0.0105,0.1715,0.0284,0.00,-0.3080,-0.2882,-0.3305
71.850,0.3477,-0.0105,0.1686,0.0284,0.00,-0.3051,-0.2857,-0.3272
71.900,0.3462,-0.0105,0.1658,0.0284,0.00,-0.3022,-0.2832,-0.3240
71.950,0.3448,-0.0105,0.1631,0.0284,0.00,-0.2994,-0.2806,-0.3207
72.000,0.3434,-0.0105,0.1603,0.0284,0.00,-0.2965,-0.2781,-0.3174
72.050,0.3420,-0.0105,0.1575,0.0284,0.00,-0.2936,-0.2756,-0.3141
72.100,0.3405,-0.0105,0.1548,0.0284,0.00,-0.2908,-0.2731,-0.3109
72.150,0.3391,-0.0105,0.1521,0.0285,0.00,-0.2879,-0.2705,-0.3076
72.200,0.3377,-0.0105,0.1494,0.0285,0.00,-0.2850,-0.2680,-0.3043
72.250,0.3363,-0.0105,0.1468,0.0284,0.00,-0.2825,-0.2657,-0.3015
72.300,0.3349,-0.0105,0.1442,0.0285,0.00,-0.2794,-0.2630,-0.2980
72.350,0.3334,-0.0105,0.1416,0.0284,0.00,-0.2768,-0.2606,-0.2950
72.400,0.3320,-0.0105,0.1389,0.0283,0.00,-0.2745,-0.2586,-0.2924
72.450,0.3306,-0.0104,0.1361,0.0283,0.00,-0.2716,-0.2561,-0.2892
72.500,0.3292,-0.0104,0.1332,0.0285,0.00,-0.2679,-0.2528,-0.2850
72.550,0.3278,-0.0104,0.1304,0.0283,0.00,-0.2652,-0.2503,-0.2819
72.600,0.3263,-0.0104,0.1275,0.0288,0.00,-0.2606,-0.2462,-0.2768
72.650,0.3249,-0.0104,0.1246,0.0284,0.00,-0.2590,-0.2447,-0.2749
72.700,0.3234,-0.0104,0.1219,0.0291,0.00,-0.2542,-0.2405,-0.2695
72.750,0.3221,-0.0104,0.1190,0.0279,0.00,-0.2556,-0.2417,-0.2711
72.800,0.3206,-0.0104,0.1166,0.0282,0.00,-0.2524,-0.2389,-0.2675
72.850,0.3192,-0.0105,0.1138,0.0284,0.00,-0.2491,-0.2359,-0.2638
72.900,0.3178,-0.0105,0.1109,0.0284,0.00,-0.2464,-0.2334,-0.2608
72.950,0.3164,-0.0105,0.1082,0.0284,0.00,-0.2439,-0.2312,-0.2580
73.000,0.3150,-0.0105,0.1054,0.0284,0.00,-0.2413,-0.2289,-0.2551
73.050,0.3135,-0.0105,0.1027,0.0284,0.00,-0.2387,-0.2266,-0.2523
73.100,0.3121,-0.0105,0.1001,0.0284,0.00,-0.2361,-0.2242,-0.2494
73.150,0.3107,-0.0105,0.0974,0.0284,0.00,-0.2337,-0.2220,-0.2466
73.200,0.3093,-0.0105,0.0948,0.0285,0.00,-0.2309,-0.2195,-0.2436
73.250,0.3078,-0.0105,0.0923,0.0288,0.00,-0.2273,-0.2162,-0.2395
73.300,0.3064,-0.0105,0.0897,0.0286,0.00,-0.2253,-0.2144,-0.2373
73.350,0.3050,-0.0105,0.0872,0.0286,0.00,-0.2226,-0.2120,-0.2344
73.400,0.3036,-0.0105,0.0847,0.0286,0.00,-0.2200,-0.2096,-0.2315
73.450,0.3021,-0.0105,0.0822,0.0286,0.00,-0.2173,-0.2072,-0.2285
73.500,0.3007,-0.0105,0.0798,0.0286,0.00,-0.2147,-0.2048,-0.2256
73.550,0.2993,-0.0105,0.0774,0.0286,0.00,-0.2121,-0.2024,-0.2227
73.600,0.2978,-0.0104,0.0750,0.0286,0.00,-0.2094,-0.2000,-0.2198
73.650,0.2964,-0.0104,0.0727,0.0286,0.00,-0.2068,-0.1975,-0.2169
73.700,0.2950,-0.0104,0.0703,0.0286,0.00,-0.2041,-0.1951,-0.2140
73.750,0.2935,-0.0104,0.0680,0.0287,0.00,-0.2015,-0.1927,-0.2111
73.800,0.2921,-0.0104,0.0658,0.0287,0.00,-0.1988,-0.1903,-0.2082
73.850,0.2907,-0.0103,0.0635,0.0287,0.00,-0.1962,-0.1879,-0.2053
73.900,0.2892,-0.0103,0.0613,0.0287,0.00,-0.1936,-0.1854,-0.2024
73.950,0.2878,-0.0103,0.0591,0.0287,0.00,-0.1909,-0.1830,-0.1996
74.000,0.2864,-0.0102,0.0569,0.0287,0.00,-0.1883,-0.1806,-0.1967
74.050,0.2849,-0.0102,0.0548,0.0287,0.00,-0.1857,-0.1782,-0.1938
74.100,0.2835,-0.0102,0.0527,0.0287,0.00,-0.1831,-0.1758,-0.1910
74.150,0.2821,-0.0101,0.0506,0.0287,0.00,-0.1805,-0.1734,-0.1882
74.200,0.2806,-0.0101,0.0485,0.0288,0.00,-0.1779,-0.1710,-0.1853
74.250,0.2792,-0.0100,0.0465,0.0288,0.00,-0.1753,-0.1686,-0.1825
74.300,0.2777,-0.0100,0.0445,0.0288,0.00,-0.1727,-0.1662,-0.1797
74.350,0.2763,-0.0100,0.0425,0.0288,0.00,-0.1701,-0.1638,-0.1769
74.400,0.2749,-0.0099,0.0406,0.0288,0.00,-0.1675,-0.1614,-0.1742
74.450,0.2734,-0.0099,0.0387,0.0288,0.00,-0.1650,-0.1590,-0.1714
74.500,0.2720,-0.0098,0.0368,0.0288,0.00,-0.1624,-0.1566,-0.1687
74.550,0.2706,-0.0098,0.0349,0.0288,0.00,-0.1599,-0.1543,-0.1659
74.600,0.2691,-0.0097,0.0331,0.0288,0.00,-0.1574,-0.1519,-0.1632
74.650,0.2677,-0.0097,0.0312,0.0288,0.00,-0.1548,-0.1496,-0.1605
74.700,0.2662,-0.0096,0.0294,0.0289,0.00,-0.1523,-0.1472,-0.1578
74.750,0.2648,-0.0095,0.0277,0.0289,0.00,-0.1498,-0.1449,-0.1551
74.800,0.2633,-0.0095,0.0259,0.0289,0.00,-0.1473,-0.1426,-0.1525
74.850,0.2619,-0.0094,0.0242,0.0289,0.00,-0.1449,-0.1402,-0.1498
74.900,0.2605,-0.0094,0.0226,0.0289,0.00,-0.1424,-0.1379,-0.1472
74.950,0.2590,-0.0093,0.0209,0.0289,0.00,-0.1400,-0.1356,-0.1446
75.000,0.2576,-0.0092,0.0193,0.0289,0.00,-0.1375,-0.1333,-0.1420
75.050,0.2561,-0.0092,0.0177,0.0289,0.00,-0.1351,-0.1311,-0.1394
75.100,0.2547,-0.0091,0.0161,0.0289,0.00,-0.1327,-0.1288,-0.1368
75.150,0.2532,-0.0091,0.0145,0.0289,0.00,-0.1303,-0.1265,-0.1343
75.200,0.2518,-0.0090,0.0130,0.0289,0.00,-0.1279,-0.1243,-0.1317
75.250,0.2503,-0.0089,0.0115,0.0290,0.00,-0.1255,-0.1220,-0.1292
75.300,0.2489,-0.0088,0.0100,0.0290,0.00,-0.1231,-0.1197,-0.1266
75.350,0.2475,-0.0088,0.0085,0.0290,0.00,-0.1207,-0.1175,-0.1241
75.400,0.2460,-0.0087,0.0071,0.0290,0.00,-0.1184,-0.1152,-0.1216
75.450,0.2446,-0.0086,0.0057,0.0290,0.00,-0.1160,-0.1130,-0.1192
75.500,0.2431,-0.0086,0.0043,0.0290,0.00,-0.1137,-0.1108,-0.1167
75.550,0.2417,-0.0085,0.0029,0.0290,0.00,-0.1114,-0.1086,-0.1143
75.600,0.2402,-0.0084,0.0016,0.0290,0.00,-0.1091,-0.1065,-0.1119
75.650,0.2388,-0.0083,0.0003,0.0290,0.00,-0.1069,-0.1043,-0.1095
75.700,0.2373,-0.0083,-0.0010,0.0290,0.00,-0.1046,-0.1022,-0.1072
75.750,0.2359,-0.0082,-0.0022,0.0290,0.00,-0.1024,-0.1000,-0.1048
75.800,0.2344,-0.0081,-0.0035,0.0290,0.00,-0.1002,-0.0979,-0.1025
75.850,0.2330,-0.0080,-0.0047,0.0290,0.00,-0.0980,-0.0958,-0.1002
75.900,0.2315,-0.0080,-0.0059,0.0290,0.00,-0.0958,-0.0937,-0.0979
75.950,0.2301,-0.0079,-0.0070,0.0290,0.00,-0.0936,-0.0917,-0.0957
76.000,0.2286,-0.0078,-0.0082,0.0291,0.00,-0.0915,-0.0896,-0.0934
76.050,0.2272,-0.0077,-0.0093,0.0291,0.00,-0.0894,-0.0876,-0.0912
76.100,0.2257,-0.0077,-0.0104,0.0291,0.00,-0.0873,-0.0856,-0.0890
76.150,0.2243,-0.0076,-0.0115,0.0291,0.00,-0.0852,-0.0835,-0.0869
76.200,0.2228,-0.0075,-0.0125,0.0291,0.00,-0.0831,-0.0816,-0.0847
76.250,0.2214,-0.0074,-0.0135,0.0291,0.00,-0.0811,-0.0796,-0.0826
76.300,0.2199,-0.0073,-0.0145,0.0291,0.00,-0.0790,-0.0776,-0.0805
76.350,0.2185,-0.0073,-0.0155,0.0291,0.00,-0.0770,-0.0757,-0.0784
76.400,0.2170,-0.0072,-0.0165,0.0291,0.00,-0.0751,-0.0738,-0.0764
76.450,0.2156,-0.0071,-0.0174,0.0291,0.00,-0.0731,-0.0719,-0.0743
76.500,0.2141,-0.0070,-0.0183,0.0291,0.00,-0.0712,-0.0700,-0.0723
76.550,0.2126,-0.0069,-0.0192,0.0291,0.00,-0.0692,-0.0681,-0.0703
76.600,0.2112,-0.0069,-0.0201,0.0291,0.00,-0.0673,-0.0663,-0.0684
76.650,0.2097,-0.0068,-0.0209,0.0291,0.00,-0.0654,-0.0645,-0.0664
76.700,0.2083,-0.0067,-0.0217,0.0291,0.00,-0.0636,-0.0627,-0.0645
76.750,0.2068,-0.0066,-0.0226,0.0291,0.00,-0.0617,-0.0609,-0.0626
76.800,0.2054,-0.0065,-0.0233,0.0291,0.00,-0.0599,-0.0591,-0.0607
76.850,0.2039,-0.0064,-0.0241,0.0291,0.00,-0.0581,-0.0573,-0.0589
76.900,0.2025,-0.0064,-0.0248,0.0291,0.00,-0.0563,-0.0556,-0.0571
76.950,0.2010,-0.0063,-0.0256,0.0291,0.00,-0.0546,-0.0539,-0.0552
77.000,0.1996,-0.0062,-0.0263,0.0291,0.00,-0.0528,-0.0522,-0.0535
77.050,0.1981,-0.0061,-0.0270,0.0291,0.00,-0.0511,-0.0505,-0.0517
77.100,0.1967,-0.0060,-0.0276,0.0291,0.00,-0.0494,-0.0488,-0.0500
77.150,0.1952,-0.0060,-0.0283,0.0291,0.00,-0.0477,-0.0472,-0.0482
77.200,0.1937,-0.0059,-0.0289,0.0291,0.00,-0.0461,-0.0456,-0.0465
77.250,0.1923,-0.0058,-0.0295,0.0291,0.00,-0.0444,-0.0440,-0.0449
77.300,0.1908,-0.0057,-0.0301,0.0291,0.00,-0.0428,-0.0424,-0.0432
77.350,0.1894,-0.0056,-0.0307,0.0291,0.00,-0.0412,-0.0408,-0.0416
77.400,0.1879,-0.0056,-0.0312,0.0291,0.00,-0.0396,-0.0393,-0.0400
77.450,0.1865,-0.0055,-0.0318,0.0291,0.00,-0.0381,-0.0377,-0.0384
77.500,0.1850,-0.0054,-0.0323,0.0292,0.00,-0.0365,-0.0362,-0.0368
77.550,0.1836,-0.0053,-0.0328,0.0292,0.00,-0.0350,-0.0347,-0.0353
77.600,0.1821,-0.0052,-0.0333,0.0292,0.00,-0.0335,-0.0332,-0.0338
77.650,0.1806,-0.0052,-0.0338,0.0292,0.00,-0.0320,-0.0318,-0.0323
77.700,0.1792,-0.0051,-0.0342,0.0292,0.00,-0.0306,-0.0304,-0.0308
77.750,0.1777,-0.0050,-0.0346,0.0292,0.00,-0.0291,-0.0289,-0.0293
77.800,0.1763,-0.0049,-0.0351,0.0292,0.00,-0.0277,-0.0275,-0.0279
77.850,0.1748,-0.0048,-0.0355,0.0292,0.00,-0.0263,-0.0262,-0.0265
77.900,0.1734,-0.0048,-0.0358,0.0292,0.00,-0.0249,-0.0248,-0.0251
77.950,0.1719,-0.0047,-0.0362,0.0292,0.00,-0.0236,-0.0235,-0.0237
78.000,0.1705,-0.0046,-0.0366,0.0292,0.00,-0.0222,-0.0221,-0.0224
78.050,0.1690,-0.0045,-0.0369,0.0292,0.00,-0.0209,-0.0208,-0.0210
78.100,0.1675,-0.0045,-0.0372,0.0292,0.00,-0.0196,-0.0195,-0.0197
78.150,0.1661,-0.0044,-0.0375,0.0292,0.00,-0.0184,-0.0183,-0.0184
78.200,0.1646,-0.0043,-0.0378,0.0292,0.00,-0.0171,-0.0170,-0.0172
78.250,0.1632,-0.0042,-0.0381,0.0292,0.00,-0.0159,-0.0158,-0.0159
78.300,0.1617,-0.0042,-0.0384,0.0292,0.00,-0.0146,-0.0146,-0.0147
78.350,0.1603,-0.0041,-0.0386,0.0292,0.00,-0.0134,-0.0134,-0.0135
78.400,0.1588,-0.0040,-0.0389,0.0292,0.00,-0.0123,-0.0122,-0.0123
78.450,0.1573,-0.0039,-0.0391,0.0292,0.00,-0.0111,-0.0111,-0.0111
78.500,0.1559,-0.0039,-0.0393,0.0292,0.00,-0.0100,-0.0099,-0.0100
78.550,0.1544,-0.0038,-0.0395,0.0292,0.00,-0.0088,-0.0088,-0.0089
78.600,0.1530,-0.0037,-0.0397,0.0292,0.00,-0.0077,-0.0077,-0.0078
78.650,0.1515,-0.0036,-0.0398,0.0292,0.00,-0.0067,-0.0067,-0.0067
78.700,0.1501,-0.0036,-0.0400,0.0292,0.00,-0.0056,-0.0056,-0.0056
78.750,0.1486,-0.0035,-0.0401,0.0292,0.00,-0.0046,-0.0045,-0.0046
78.800,0.1471,-0.0034,-0.0403,0.0292,0.00,-0.0035,-0.0035,-0.0035
78.850,0.1457,-0.0034,-0.0404,0.0292,0.00,-0.0025,-0.0025,-0.0025
78.900,0.1442,-0.0033,-0.0405,0.0292,0.00,-0.0015,-0.0015,-0.0015
78.950,0.1428,-0.0032,-0.0406,0.0292,0.00,-0.0006,-0.0006,-0.0006
79.000,0.1413,-0.0032,-0.0407,0.0292,0.00,0.0004,0.0004,0.0004
79.050,0.1399,-0.0031,-0.0408,0.0292,0.00,0.0013,0.0013,0.0013
79.100,0.1384,-0.0030,-0.0408,0.0292,0.00,0.0023,0.0023,0.0022
79.150,0.1369,-0.0030,-0.0409,0.0292,0.00,0.0031,0.0032,0.0031
79.200,0.1355,-0.0029,-0.0409,0.0292,0.00,0.0040,0.0040,0.0040
79.250,0.1340,-0.0028,-0.0409,0.0292,0.00,0.0049,0.0049,0.0049
79.300,0.1326,-0.0028,-0.0410,0.0292,0.00,0.0057,0.0057,0.0057
79.350,0.1311,-0.0027,-0.0410,0.0292,0.00,0.0066,0.0066,0.0066
79.400,0.1296,-0.0026,-0.0410,0.0292,0.00,0.0074,0.0074,0.0074
79.450,0.1282,-0.0026,-0.0410,0.0292,0.00,0.0082,0.0082,0.0082
79.500,0.1267,-0.0025,-0.0409,0.0292,0.00,0.0090,0.0090,0.0089
79.550,0.1253,-0.0024,-0.0409,0.0292,0.00,0.0097,0.0097,0.0097
79.600,0.1238,-0.0024,-0.0409,0.0292,0.00,0.0105,0.0105,0.0104
79.650,0.1224,-0.0023,-0.0408,0.0292,0.00,0.0112,0.0112,0.0112
79.700,0.1209,-0.0023,-0.0408,0.0292,0.00,0.0119,0.0119,0.0119
79.750,0.1194,-0.0022,-0.0407,0.0292,0.00,0.0126,0.0126,0.0126
79.800,0.1180,-0.0021,-0.0406,0.0292,0.00,0.0133,0.0133,0.0132
79.850,0.1165,-0.0021,-0.0406,0.0292,0.00,0.0139,0.0140,0.0139
79.900,0.1151,-0.0020,-0.0405,0.0292,0.00,0.0146,0.0146,0.0145
79.950,0.1136,-0.0020,-0.0404,0.0292,0.00,0.0152,0.0153,0.0152
80.000,0.1121,-0.0019,-0.0403,0.0292,0.00,0.0158,0.0159,0.0158
80.050,0.1107,-0.0019,-0.0401,0.0292,0.00,0.0164,0.0165,0.0164
80.100,0.1092,-0.0018,-0.0400,0.0292,0.00,0.0170,0.0171,0.0169
80.150,0.1078,-0.0017,-0.0399,0.0292,0.00,0.0176,0.0177,0.0175
80.200,0.1063,-0.0017,-0.0398,0.0292,0.00,0.0181,0.0182,0.0181
80.250,0.1049,-0.0016,-0.0396,0.0292,0.00,0.0187,0.0188,0.0186
80.300,0.1034,-0.0016,-0.0395,0.0292,0.00,0.0192,0.0193,0.0191
80.350,0.1019,-0.0015,-0.0393,0.0292,0.00,0.0197,0.0198,0.0196
80.400,0.1005,-0.0015,-0.0392,0.0292,0.00,0.0202,0.0203,0.0201
80.450,0.0990,-0.0014,-0.0390,0.0292,0.00,0.0207,0.0208,0.0206
80.500,0.0976,-0.0014,-0.0388,0.0292,0.00,0.0212,0.0213,0.0211
80.550,0.0961,-0.0013,-0.0386,0.0292,0.00,0.0216,0.0217,0.0215
80.600,0.0946,-0.0013,-0.0384,0.0292,0.00,0.0221,0.0222,0.0219
80.650,0.0932,-0.0012,-0.0382,0.0292,0.00,0.0225,0.0226,0.0224
80.700,0.0917,-0.0012,-0.0381,0.0292,0.00,0.0229,0.0230,0.0228
80.750,0.0903,-0.0011,-0.0378,0.0292,0.00,0.0233,0.0234,0.0232
80.800,0.0888,-0.0011,-0.0376,0.0292,0.00,0.0237,0.0238,0.0236
80.850,0.0873,-0.0010,-0.0374,0.0292,0.00,0.0241,0.0242,0.0239
80.900,0.0859,-0.0010,-0.0372,0.0292,0.00,0.0244,0.0246,0.0243
80.950,0.0844,-0.0010,-0.0370,0.0292,0.00,0.0248,0.0249,0.0246
81.000,0.0830,-0.0009,-0.0368,0.0292,0.00,0.0251,0.0252,0.0250
81.050,0.0815,-0.0009,-0.0365,0.0292,0.00,0.0254,0.0256,0.0253
81.100,0.0800,-0.0008,-0.0363,0.0292,0.00,0.0257,0.0259,0.0256
81.150,0.0786,-0.0008,-0.0360,0.0292,0.00,0.0260,0.0262,0.0259
81.200,0.0771,-0.0007,-0.0358,0.0292,0.00,0.0263,0.0265,0.0262
81.250,0.0757,-0.0007,-0.0356,0.0292,0.00,0.0266,0.0268,0.0264
81.300,0.0742,-0.0007,-0.0353,0.0292,0.00,0.0269,0.0270,0.0267
81.350,0.0727,-0.0006,-0.0350,0.0292,0.00,0.0271,0.0273,0.0269
81.400,0.0713,-0.0006,-0.0348,0.0292,0.00,0.0274,0.0275,0.0272
81.450,0.0698,-0.0005,-0.0345,0.0292,0.00,0.0276,0.0278,0.0274
81.500,0.0684,-0.0005,-0.0343,0.0292,0.00,0.0278,0.0280,0.0276
81.550,0.0669,-0.0005,-0.0340,0.0292,0.00,0.0280,0.0282,0.0278
81.600,0.0654,-0.0004,-0.0337,0.0292,0.00,0.0282,0.0284,0.0280
81.650,0.0640,-0.0004,-0.0334,0.0292,0.00,0.0284,0.0286,0.0282
81.700,0.0625,-0.0004,-0.0332,0.0292,0.00,0.0286,0.0288,0.0284
81.750,0.0611,-0.0003,-0.0329,0.0292,0.00,0.0287,0.0289,0.0285
81.800,0.0596,-0.0003,-0.0326,0.0292,0.00,0.0289,0.0291,0.0287
81.850,0.0581,-0.0003,-0.0323,0.0292,0.00,0.0290,0.0292,0.0288
81.900,0.0567,-0.0002,-0.0320,0.0292,0.00,0.0292,0.0294,0.0290
81.950,0.0552,-0.0002,-0.0317,0.0292,0.00,0.0293,0.0295,0.0291
82.000,0.0538,-0.0002,-0.0314,0.0292,0.00,0.0294,0.0296,0.0292
82.050,0.0523,-0.0001,-0.0311,0.0292,0.00,0.0295,0.0297,0.0293
82.100,0.0508,-0.0001,-0.0308,0.0292,0.00,0.0296,0.0298,0.0294
82.150,0.0494,-0.0001,-0.0305,0.0292,0.00,0.0297,0.0299,0.0295
82.200,0.0479,-0.0000,-0.0302,0.0292,0.00,0.0298,0.0300,0.0296
82.250,0.0465,-0.0000,-0.0299,0.0292,0.00,0.0299,0.0301,0.0297
82.300,0.0450,0.0000,-0.0296,0.0292,0.00,0.0299,0.0301,0.0297
82.350,0.0435,0.0001,-0.0293,0.0292,0.00,0.0300,0.0302,0.0298
82.400,0.0421,0.0001,-0.0290,0.0292,0.00,0.0300,0.0302,0.0298
82.450,0.0406,0.0001,-0.0287,0.0292,0.00,0.0301,0.0303,0.0299
82.500,0.0392,0.0001,-0.0284,0.0292,0.00,0.0301,0.0303,0.0299
82.550,0.0377,0.0002,-0.0281,0.0292,0.00,0.0301,0.0303,0.0299
82.600,0.0362,0.0002,-0.0278,0.0292,0.00,0.0301,0.0303,0.0299
82.650,0.0348,0.0002,-0.0275,0.0292,0.00,0.0301,0.0304,0.0299
82.700,0.0333,0.0002,-0.0272,0.0292,0.00,0.0301,0.0304,0.0299
82.750,0.0318,0.0003,-0.0268,0.0292,0.00,0.0301,0.0303,0.0299
82.800,0.0304,0.0003,-0.0265,0.0292,0.00,0.0301,0.0303,0.0299
82.850,0.0289,0.0003,-0.0262,0.0292,0.00,0.0301,0.0303,0.0299
82.900,0.0275,0.0003,-0.0259,0.0292,0.00,0.0301,0.0303,0.0299
82.950,0.0260,0.0003,-0.0256,0.0292,0.00,0.0300,0.0302,0.0298
83.000,0.0245,0.0004,-0.0253,0.0292,0.00,0.0300,0.0302,0.0298
83.050,0.0231,0.0004,-0.0250,0.0292,0.00,0.0299,0.0302,0.0297
83.100,0.0216,0.0004,-0.0246,0.0292,0.00,0.0299,0.0301,0.0297
83.150,0.0202,0.0004,-0.0243,0.0292,0.00,0.0298,0.0300,0.0296
83.200,0.0187,0.0005,-0.0240,0.0292,0.00,0.0298,0.0300,0.0296
83.250,0.0172,0.0005,-0.0237,0.0292,0.00,0.0297,0.0299,0.0295
83.300,0.0158,0.0005,-0.0234,0.0292,0.00,0.0296,0.0298,0.0294
83.350,0.0143,0.0005,-0.0231,0.0292,0.00,0.0295,0.0297,0.0293
83.400,0.0128,0.0005,-0.0228,0.0292,0.00,0.0294,0.0296,0.0292
83.450,0.0114,0.0005,-0.0224,0.0292,0.00,0.0293,0.0295,0.0292
83.500,0.0099,0.0006,-0.0221,0.0292,0.00,0.0292,0.0294,0.0291
83.550,0.0085,0.0006,-0.0218,0.0292,0.00,0.0291,0.0293,0.0289
83.600,0.0070,0.0006,-0.0215,0.0292,0.00,0.0290,0.0292,0.0288
83.650,0.0055,0.0006,-0.0212,0.0292,0.00,0.0289,0.0291,0.0287
83.700,0.0041,0.0006,-0.0209,0.0292,0.00,0.0288,0.0290,0.0286
83.750,0.0026,0.0006,-0.0206,0.0292,0.00,0.0287,0.0289,0.0285
83.800,0.0012,0.0006,-0.0203,0.0292,0.00,0.0285,0.0287,0.0284
83.850,-0.0003,0.0007,-0.0200,0.0292,0.00,0.0284,0.0286,0.0282
83.900,-0.0018,0.0007,-0.0197,0.0292,0.00,0.0283,0.0285,0.0281
83.950,-0.0032,0.0007,-0.0194,0.0292,0.00,0.0281,0.0283,0.0279
84.000,-0.0047,0.0007,-0.0190,0.0292,0.00,0.0280,0.0282,0.0278
84.050,-0.0062,0.0007,-0.0187,0.0292,0.00,0.0278,0.0280,0.0276
84.100,-0.0076,0.0007,-0.0184,0.0292,0.00,0.0277,0.0278,0.0275
84.150,-0.0091,0.0007,-0.0181,0.0292,0.00,0.0275,0.0277,0.0273
84.200,-0.0105,0.0007,-0.0178,0.0292,0.00,0.0274,0.0275,0.0272
84.250,-0.0120,0.0008,-0.0175,0.0292,0.00,0.0272,0.0274,0.0270
84.300,-0.0135,0.0008,-0.0172,0.0292,0.00,0.0270,0.0272,0.0268
84.350,-0.0149,0.0008,-0.0170,0.0292,0.00,0.0268,0.0270,0.0267
84.400,-0.0164,0.0008,-0.0167,0.0293,0.00,0.0267,0.0268,0.0265
84.450,-0.0179,0.0008,-0.0164,0.0293,0.00,0.0265,0.0266,0.0263
84.500,-0.0193,0.0008,-0.0161,0.0293,0.00,0.0263,0.0265,0.0261
84.550,-0.0208,0.0008,-0.0158,0.0293,0.00,0.0261,0.0263,0.0260
84.600,-0.0222,0.0008,-0.0155,0.0293,0.00,0.0259,0.0261,0.0258
84.650,-0.0237,0.0008,-0.0152,0.0293,0.00,0.0257,0.0259,0.0256
84.700,-0.0252,0.0008,-0.0149,0.0293,0.00,0.0255,0.0257,0.0254
84.750,-0.0266,0.0008,-0.0146,0.0293,0.00,0.0254,0.0255,0.0252
84.800,-0.0281,0.0008,-0.0144,0.0293,0.00,0.0252,0.0253,0.0250
84.850,-0.0296,0.0009,-0.0141,0.0293,0.00,0.0250,0.0251,0.0248
84.900,-0.0310,0.0009,-0.0138,0.0293,0.00,0.0248,0.0249,0.0246
84.950,-0.0325,0.0009,-0.0135,0.0293,0.00,0.0245,0.0247,0.0244
85.000,-0.0339,0.0009,-0.0133,0.0293,0.00,0.0243,0.0245,0.0242
85.050,-0.0354,0.0009,-0.0130,0.0293,0.00,0.0241,0.0243,0.0240
85.100,-0.0369,0.0009,-0.0127,0.0293,0.00,0.0239,0.0241,0.0238
85.150,-0.0383,0.0009,-0.0125,0.0293,0.00,0.0237,0.0238,0.0236
85.200,-0.0398,0.0009,-0.0122,0.0293,0.00,0.0235,0.0236,0.0234
85.250,-0.0413,0.0009,-0.0119,0.0293,0.00,0.0233,0.0234,0.0232
85.300,-0.0427,0.0009,-0.0117,0.0293,0.00,0.0231,0.0232,0.0229
85.350,-0.0442,0.0009,-0.0114,0.0293,0.00,0.0228,0.0230,0.0227
85.400,-0.0456,0.0009,-0.0112,0.0293,0.00,0.0226,0.0227,0.0225
85.450,-0.0471,0.0009,-0.0109,0.0293,0.00,0.0224,0.0225,0.0223
85.500,-0.0486,0.0009,-0.0106,0.0293,0.00,0.0222,0.0223,0.0221
85.550,-0.0500,0.0009,-0.0104,0.0293,0.00,0.0220,0.0221,0.0218
85.600,-0.0515,0.0009,-0.0102,0.0293,0.00,0.0217,0.0218,0.0216
85.650,-0.0530,0.0009,-0.0099,0.0293,0.00,0.0215,0.0216,0.0214
85.700,-0.0544,0.0009,-0.0097,0.0293,0.00,0.0213,0.0214,0.0212
85.750,-0.0559,0.0009,-0.0094,0.0293,0.00,0.0210,0.0211,0.0209
85.800,-0.0574,0.0009,-0.0092,0.0293,0.00,0.0208,0.0209,0.0207
85.850,-0.0588,0.0009,-0.0089,0.0293,0.00,0.0206,0.0207,0.0205
85.900,-0.0603,0.0009,-0.0087,0.0293,0.00,0.0204,0.0204,0.0203
85.950,-0.0617,0.0009,-0.0085,0.0293,0.00,0.0201,0.0202,0.0200
86.000,-0.0632,0.0009,-0.0082,0.0293,0.00,0.0199,0.0200,0.0198
86.050,-0.0647,0.0009,-0.0080,0.0293,0.00,0.0197,0.0197,0.0196
86.100,-0.0661,0.0009,-0.0078,0.0293,0.00,0.0194,0.0195,0.0193
86.150,-0.0676,0.0009,-0.0076,0.0293,0.00,0.0192,0.0193,0.0191
86.200,-0.0691,0.0009,-0.0074,0.0293,0.00,0.0190,0.0190,0.0189
86.250,-0.0705,0.0009,-0.0071,0.0293,0.00,0.0187,0.0188,0.0186
86.300,-0.0720,0.0009,-0.0069,0.0293,0.00,0.0185,0.0186,0.0184
86.350,-0.0735,0.0009,-0.0067,0.0293,0.00,0.0183,0.0183,0.0182
86.400,-0.0749,0.0009,-0.0065,0.0293,0.00,0.0180,0.0181,0.0180
86.450,-0.0764,0.0009,-0.0063,0.0293,0.00,0.0178,0.0179,0.0177
86.500,-0.0778,0.0009,-0.0061,0.0293,0.00,0.0176,0.0176,0.0175
86.550,-0.0793,0.0009,-0.0059,0.0293,0.00,0.0173,0.0174,0.0173
86.600,-0.0808,0.0009,-0.0057,0.0293,0.00,0.0171,0.0172,0.0170
86.650,-0.0822,0.0009,-0.0055,0.0293,0.00,0.0169,0.0169,0.0168
86.700,-0.0837,0.0009,-0.0053,0.0293,0.00,0.0166,0.0167,0.0166
86.750,-0.0852,0.0009,-0.0051,0.0293,0.00,0.0164,0.0165,0.0163
86.800,-0.0866,0.0009,-0.0049,0.0293,0.00,0.0162,0.0162,0.0161
86.850,-0.0881,0.0009,-0.0047,0.0293,0.00,0.0159,0.0160,0.0159
86.900,-0.0896,0.0009,-0.0045,0.0293,0.00,0.0157,0.0158,0.0156
86.950,-0.0910,0.0009,-0.0043,0.0293,0.00,0.0155,0.0155,0.0154
87.000,-0.0925,0.0009,-0.0042,0.0293,0.00,0.0152,0.0153,0.0152
87.050,-0.0939,0.0009,-0.0040,0.0293,0.00,0.0150,0.0151,0.0150
87.100,-0.0954,0.0009,-0.0038,0.0293,0.00,0.0148,0.0148,0.0147
87.150,-0.0969,0.0009,-0.0036,0.0293,0.00,0.0146,0.0146,0.0145
87.200,-0.0983,0.0009,-0.0035,0.0293,0.00,0.0143,0.0144,0.0143
87.250,-0.0998,0.0008,-0.0033,0.0293,0.00,0.0141,0.0141,0.0141
87.300,-0.1013,0.0008,-0.0031,0.0293,0.00,0.0139,0.0139,0.0138
87.350,-0.1027,0.0008,-0.0029,0.0293,0.00,0.0136,0.0137,0.0136
87.400,-0.1042,0.0008,-0.0028,0.0293,0.00,0.0134,0.0135,0.0134
87.450,-0.1057,0.0008,-0.0026,0.0293,0.00,0.0132,0.0132,0.0132
87.500,-0.1071,0.0008,-0.0025,0.0293,0.00,0.0130,0.0130,0.0129
87.550,-0.1086,0.0008,-0.0023,0.0293,0.00,0.0128,0.0128,0.0127
87.600,-0.1101,0.0008,-0.0022,0.0293,0.00,0.0125,0.0126,0.0125
87.650,-0.1115,0.0008,-0.0020,0.0293,0.00,0.0123,0.0124,0.0123
87.700,-0.1130,0.0008,-0.0019,0.0293,0.00,0.0121,0.0121,0.0121
87.750,-0.1144,0.0008,-0.0017,0.0293,0.00,0.0119,0.0119,0.0119
87.800,-0.1159,0.0008,-0.0016,0.0293,0.00,0.0117,0.0117,0.0116
87.850,-0.1174,0.0008,-0.0014,0.0293,0.00,0.0115,0.0115,0.0114
87.900,-0.1188,0.0008,-0.0013,0.0293,0.00,0.0112,0.0113,0.0112
87.950,-0.1203,0.0008,-0.0012,0.0293,0.00,0.0110,0.0111,0.0110
88.000,-0.1218,0.0008,-0.0010,0.0293,0.00,0.0108,0.0109,0.0108
88.050,-0.1232,0.0008,-0.0009,0.0293,0.00,0.0106,0.0106,0.0106
88.100,-0.1247,0.0008,-0.0008,0.0293,0.00,0.0104,0.0104,0.0104
88.150,-0.1262,0.0008,-0.0006,0.0293,0.00,0.0102,0.0102,0.0102
88.200,-0.1276,0.0007,-0.0005,0.0293,0.00,0.0100,0.0100,0.0100
88.250,-0.1291,0.0007,-0.0004,0.0293,0.00,0.0098,0.0098,0.0098
88.300,-0.1306,0.0007,-0.0003,0.0293,0.00,0.0096,0.0096,0.0095
88.350,-0.1320,0.0007,-0.0001,0.0293,0.00,0.0094,0.0094,0.0093
88.400,-0.1335,0.0007,-0.0000,0.0293,0.00,0.0092,0.0092,0.0091
88.450,-0.1349,0.0007,0.0001,0.0293,0.00,0.0089,0.0090,0.0089
88.500,-0.1364,0.0007,0.0002,0.0293,0.00,0.0087,0.0088,0.0087
88.550,-0.1379,0.0007,0.0003,0.0293,0.00,0.0085,0.0086,0.0085
88.600,-0.1393,0.0007,0.0004,0.0293,0.00,0.0083,0.0084,0.0083
88.650,-0.1408,0.0007,0.0006,0.0293,0.00,0.0081,0.0082,0.0081
88.700,-0.1423,0.0007,0.0007,0.0293,0.00,0.0079,0.0080,0.0079
88.750,-0.1437,0.0007,0.0008,0.0293,0.00,0.0078,0.0078,0.0077
88.800,-0.1452,0.0007,0.0009,0.0293,0.00,0.0076,0.0076,0.0075
88.850,-0.1467,0.0007,0.0010,0.0293,0.00,0.0074,0.0074,0.0074
88.900,-0.1481,0.0006,0.0011,0.0293,0.00,0.0072,0.0072,0.0072
88.950,-0.1496,0.0006,0.0012,0.0293,0.00,0.0070,0.0070,0.0070
89.000,-0.1511,0.0006,0.0012,0.0293,0.00,0.0068,0.0068,0.0068
89.050,-0.1525,0.0006,0.0013,0.0293,0.00,0.0066,0.0066,0.0066
89.100,-0.1540,0.0006,0.0014,0.0293,0.00,0.0065,0.0065,0.0064
89.150,-0.1554,0.0006,0.0015,0.0293,0.00,0.0063,0.0063,0.0063
89.200,-0.1569,0.0006,0.0016,0.0293,0.00,0.0061,0.0061,0.0061
89.250,-0.1584,0.0006,0.0017,0.0293,0.00,0.0059,0.0059,0.0059
89.300,-0.1598,0.0006,0.0018,0.0293,0.00,0.0058,0.0058,0.0057
89.350,-0.1613,0.0006,0.0018,0.0293,0.00,0.0056,0.0056,0.0056
89.400,-0.1628,0.0006,0.0019,0.0293,0.00,0.0054,0.0054,0.0054
89.450,-0.1642,0.0006,0.0020,0.0293,0.00,0.0053,0.0053,0.0052
89.500,-0.1657,0.0006,0.0021,0.0293,0.00,0.0051,0.0051,0.0051
89.550,-0.1672,0.0006,0.0021,0.0293,0.00,0.0049,0.0049,0.0049
89.600,-0.1686,0.0005,0.0022,0.0293,0.00,0.0048,0.0048,0.0048
89.650,-0.1701,0.0005,0.0023,0.0293,0.00,0.0046,0.0046,0.0046
89.700,-0.1716,0.0005,0.0023,0.0293,0.00,0.0045,0.0045,0.0045
89.750,-0.1730,0.0005,0.0024,0.0293,0.00,0.0043,0.0043,0.0043
89.800,-0.1745,0.0005,0.0025,0.0293,0.00,0.0042,0.0042,0.0042
89.850,-0.1759,0.0005,0.0025,0.0293,0.00,0.0040,0.0040,0.0040
89.900,-0.1774,0.0005,0.0026,0.0293,0.00,0.0039,0.0039,0.0039
89.950,-0.1789,0.0005,0.0026,0.0293,0.00,0.0037,0.0037,0.0037
90.000,-0.1803,0.0005,0.0027,0.0293,0.00,0.0036,0.0036,0.0036
90.050,-0.1818,0.0005,0.0027,0.0293,0.00,0.0034,0.0034,0.0034
90.100,-0.1833,0.0005,0.0028,0.0293,0.00,0.0033,0.0033,0.0033
90.150,-0.1847,0.0005,0.0028,0.0293,0.00,0.0032,0.0032,0.0032
90.200,-0.1862,0.0005,0.0029,0.0293,0.00,0.0030,0.0030,0.0030
90.250,-0.1877,0.0005,0.0029,0.0293,0.00,0.0029,0.0029,0.0029
90.300,-0.1891,0.0005,0.0030,0.0293,0.00,0.0028,0.0028,0.0028
90.350,-0.1906,0.0004,0.0030,0.0293,0.00,0.0026,0.0026,0.0026
90.400,-0.1921,0.0004,0.0031,0.0293,0.00,0.0025,0.0025,0.0025
90.450,-0.1935,0.0004,0.0031,0.0293,0.00,0.0024,0.0024,0.0024
90.500,-0.1950,0.0004,0.0032,0.0293,0.00,0.0023,0.0023,0.0023
90.550,-0.1964,0.0004,0.0032,0.0293,0.00,0.0021,0.0021,0.0021
90.600,-0.1979,0.0004,0.0032,0.0293,0.00,0.0020,0.0020,0.0020
90.650,-0.1994,0.0004,0.0033,0.0293,0.00,0.0019,0.0019,0.0019
90.700,-0.2008,0.0004,0.0033,0.0293,0.00,0.0018,0.0018,0.0018
90.750,-0.2023,0.0004,0.0033,0.0293,0.00,0.0017,0.0017,0.0017
90.800,-0.2038,0.0004,0.0034,0.0293,0.00,0.0016,0.0016,0.0016
90.850,-0.2052,0.0004,0.0034,0.0293,0.00,0.0015,0.0015,0.0015
90.900,-0.2067,0.0004,0.0034,0.0293,0.00,0.0013,0.0013,0.0013
90.950,-0.2082,0.0004,0.0035,0.0293,0.00,0.0012,0.0012,0.0012
91.000,-0.2096,0.0004,0.0035,0.0293,0.00,0.0011,0.0011,0.0011
91.050,-0.2111,0.0004,0.0035,0.0293,0.00,0.0010,0.0010,0.0010
91.100,-0.2126,0.0004,0.0035,0.0293,0.00,0.0009,0.0009,0.0009
91.150,-0.2140,0.0003,0.0036,0.0293,0.00,0.0008,0.0008,0.0008
91.200,-0.2155,0.0003,0.0036,0.0293,0.00,0.0007,0.0007,0.0007
91.250,-0.2170,0.0003,0.0036,0.0293,0.00,0.0006,0.0006,0.0006
91.300,-0.2184,0.0003,0.0036,0.0293,0.00,0.0005,0.0005,0.0005
91.350,-0.2199,0.0003,0.0036,0.0293,0.00,0.0004,0.0004,0.0004
91.400,-0.2213,0.0003,0.0037,0.0293,0.00,0.0004,0.0004,0.0004
91.450,-0.2228,0.0003,0.0037,0.0293,0.00,0.0003,0.0003,0.0003
91.500,-0.2243,0.0003,0.0037,0.0293,0.00,0.0002,0.0002,0.0002
91.550,-0.2257,0.0003,0.0037,0.0293,0.00,0.0001,0.0001,0.0001
91.600,-0.2272,0.0003,0.0037,0.0293,0.00,0.0000,0.0000,0.0000
91.650,-0.2287,0.0003,0.0037,0.0293,0.00,-0.0001,-0.0001,-0.0001
91.700,-0.2301,0.0003,0.0037,0.0293,0.00,-0.0002,-0.0002,-0.0002
91.750,-0.2316,0.0003,0.0038,0.0293,0.00,-0.0003,-0.0003,-0.0003
91.800,-0.2331,0.0003,0.0038,0.0293,0.00,-0.0003,-0.0003,-0.0003
91.850,-0.2345,0.0003,0.0038,0.0293,0.00,-0.0004,-0.0004,-0.0004
91.900,-0.2360,0.0003,0.0038,0.0293,0.00,-0.0005,-0.0005,-0.0005
91.950,-0.2375,0.0003,0.0038,0.0293,0.00,-0.0006,-0.0006,-0.0006
92.000,-0.2389,0.0002,0.0038,0.0293,0.00,-0.0006,-0.0006,-0.0006
92.050,-0.2404,0.0002,0.0038,0.0293,0.00,-0.0007,-0.0007,-0.0007
92.100,-0.2418,0.0002,0.0038,0.0293,0.00,-0.0008,-0.0008,-0.0008
92.150,-0.2433,0.0002,0.0038,0.0293,0.00,-0.0009,-0.0009,-0.0009
92.200,-0.2448,0.0002,0.0038,0.0293,0.00,-0.0009,-0.0009,-0.0009
92.250,-0.2462,0.0002,0.0038,0.0293,0.00,-0.0010,-0.0010,-0.0010
92.300,-0.2477,0.0002,0.0038,0.0293,0.00,-0.0011,-0.0011,-0.0011
92.350,-0.2492,0.0002,0.0038,0.0293,0.00,-0.0011,-0.0011,-0.0011
92.400,-0.2506,0.0002,0.0038,0.0293,0.00,-0.0012,-0.0012,-0.0012
92.450,-0.2521,0.0002,0.0038,0.0293,0.00,-0.0013,-0.0013,-0.0013
92.500,-0.2536,0.0002,0.0038,0.0293,0.00,-0.0013,-0.0013,-0.0013
92.550,-0.2550,0.0002,0.0038,0.0293,0.00,-0.0014,-0.0014,-0.0014
92.600,-0.2565,0.0002,0.0038,0.0293,0.00,-0.0014,-0.0014,-0.0014
92.650,-0.2580,0.0002,0.0038,0.0293,0.00,-0.0015,-0.0015,-0.0015
92.700,-0.2594,0.0002,0.0038,0.0293,0.00,-0.0015,-0.0015,-0.0015
92.750,-0.2609,0.0002,0.0038,0.0293,0.00,-0.0016,-0.0016,-0.0016
92.800,-0.2623,0.0002,0.0038,0.0293,0.00,-0.0017,-0.0017,-0.0017
92.850,-0.2638,0.0002,0.0038,0.0293,0.00,-0.0017,-0.0017,-0.0017
92.900,-0.2653,0.0002,0.0038,0.0293,0.00,-0.0018,-0.0018,-0.0018
92.950,-0.2667,0.0002,0.0038,0.0293,0.00,-0.0018,-0.0018,-0.0018
93.000,-0.2682,0.0002,0.0038,0.0293,0.00,-0.0019,-0.0019,-0.0019
93.050,-0.2697,0.0001,0.0038,0.0293,0.00,-0.0019,-0.0019,-0.0019
93.100,-0.2711,0.0001,0.0038,0.0293,0.00,-0.0020,-0.0020,-0.0020
93.150,-0.2726,0.0001,0.0038,0.0293,0.00,-0.0020,-0.0020,-0.0020
93.200,-0.2741,0.0001,0.0038,0.0293,0.00,-0.0021,-0.0021,-0.0021
93.250,-0.2755,0.0001,0.0038,0.0293,0.00,-0.0021,-0.0021,-0.0021
93.300,-0.2770,0.0001,0.0037,0.0293,0.00,-0.0021,-0.0021,-0.0021
93.350,-0.2784,0.0001,0.0037,0.0293,0.00,-0.0022,-0.0022,-0.0022
93.400,-0.2799,0.0001,0.0037,0.0293,0.00,-0.0022,-0.0022,-0.0022
93.450,-0.2814,0.0001,0.0037,0.0293,0.00,-0.0023,-0.0023,-0.0023
93.500,-0.2828,0.0001,0.0037,0.0293,0.00,-0.0023,-0.0023,-0.0023
93.550,-0.2843,0.0001,0.0037,0.0293,0.00,-0.0023,-0.0023,-0.0023
93.600,-0.2858,0.0001,0.0037,0.0293,0.00,-0.0024,-0.0024,-0.0024
93.650,-0.2872,0.0001,0.0037,0.0293,0.00,-0.0024,-0.0024,-0.0024
93.700,-0.2887,0.0001,0.0036,0.0293,0.00,-0.0024,-0.0024,-0.0024
93.750,-0.2902,0.0001,0.0036,0.0293,0.00,-0.0025,-0.0025,-0.0025
93.800,-0.2916,0.0001,0.0036,0.0293,0.00,-0.0025,-0.0025,-0.0025
93.850,-0.2931,0.0001,0.0036,0.0293,0.00,-0.0025,-0.0025,-0.0025
93.900,-0.2946,0.0001,0.0036,0.0293,0.00,-0.0026,-0.0026,-0.0026
93.950,-0.2960,0.0001,0.0036,0.0293,0.00,-0.0026,-0.0026,-0.0026
94.000,-0.2975,0.0001,0.0035,0.0293,0.00,-0.0026,-0.0026,-0.0026
94.050,-0.2989,0.0001,0.0035,0.0293,0.00,-0.0026,-0.0026,-0.0026
94.100,-0.3004,0.0001,0.0035,0.0293,0.00,-0.0027,-0.0027,-0.0027
94.150,-0.3019,0.0001,0.0035,0.0293,0.00,-0.0027,-0.0027,-0.0027
94.200,-0.3033,0.0001,0.0035,0.0293,0.00,-0.0027,-0.0027,-0.0027
94.250,-0.3048,0.0001,0.0034,0.0293,0.00,-0.0027,-0.0027,-0.0027
94.300,-0.3063,0.0001,0.0034,0.0293,0.00,-0.0027,-0.0027,-0.0027
94.350,-0.3077,0.0000,0.0034,0.0293,0.00,-0.0028,-0.0028,-0.0028
94.400,-0.3092,0.0000,0.0034,0.0293,0.00,-0.0028,-0.0028,-0.0028
94.450,-0.3107,0.0000,0.0034,0.0293,0.00,-0.0028,-0.0028,-0.0028
94.500,-0.3121,0.0000,0.0033,0.0293,0.00,-0.0028,-0.0028,-0.0028
94.550,-0.3136,0.0000,0.0033,0.0293,0.00,-0.0028,-0.0028,-0.0028
94.600,-0.3150,0.0000,0.0033,0.0293,0.00,-0.0028,-0.0028,-0.0029
94.650,-0.3165,0.0000,0.0033,0.0293,0.00,-0.0029,-0.0029,-0.0029
94.700,-0.3180,0.0000,0.0032,0.0293,0.00,-0.0029,-0.0029,-0.0029
94.750,-0.3194,0.0000,0.0032,0.0293,0.00,-0.0029,-0.0029,-0.0029
94.800,-0.3209,0.0000,0.0032,0.0293,0.00,-0.0029,-0.0029,-0.0029
94.850,-0.3224,0.0000,0.0032,0.0293,0.00,-0.0029,-0.0029,-0.0029
94.900,-0.3238,0.0000,0.0032,0.0293,0.00,-0.0029,-0.0029,-0.0029
94.950,-0.3253,0.0000,0.0031,0.0293,0.00,-0.0029,-0.0029,-0.0029
95.000,-0.3268,0.0000,0.0031,0.0293,0.00,-0.0029,-0.0029,-0.0029
95.050,-0.3282,0.0000,0.0031,0.0293,0.00,-0.0029,-0.0029,-0.0029
95.100,-0.3297,0.0000,0.0031,0.0293,0.00,-0.0030,-0.0030,-0.0030
95.150,-0.3312,0.0000,0.0030,0.0293,0.00,-0.0030,-0.0030,-0.0030
95.200,-0.3326,0.0000,0.0030,0.0293,0.00,-0.0030,-0.0030,-0.0030
95.250,-0.3341,0.0000,0.0030,0.0293,0.00,-0.0030,-0.0030,-0.0030
95.300,-0.3355,-0.0000,0.0030,0.0293,0.00,-0.0030,-0.0030,-0.0030
95.350,-0.3370,-0.0000,0.0029,0.0293,0.00,-0.0030,-0.0030,-0.0030
95.400,-0.3385,-0.0000,0.0029,0.0293,0.00,-0.0030,-0.0030,-0.0030
95.450,-0.3399,-0.0000,0.0029,0.0293,0.00,-0.0030,-0.0030,-0.0030
95.500,-0.3414,-0.0000,0.0029,0.0293,0.00,-0.0030,-0.0030,-0.0030
95.550,-0.3429,-0.0000,0.0028,0.0293,0.00,-0.0030,-0.0030,-0.0030
95.600,-0.3443,-0.0000,0.0028,0.0293,0.00,-0.0030,-0.0030,-0.0030
95.650,-0.3458,-0.0000,0.0028,0.0293,0.00,-0.0030,-0.0030,-0.0030
95.700,-0.3473,-0.0000,0.0028,0.0293,0.00,-0.0030,-0.0030,-0.0030
95.750,-0.3487,-0.0000,0.0027,0.0293,0.00,-0.0030,-0.0030,-0.0030
95.800,-0.3502,-0.0000,0.0027,0.0293,0.00,-0.0030,-0.0030,-0.0030
95.850,-0.3516,-0.0000,0.0027,0.0293,0.00,-0.0030,-0.0030,-0.0030
95.900,-0.3531,-0.0000,0.0026,0.0293,0.00,-0.0030,-0.0030,-0.0030
95.950,-0.3546,-0.0000,0.0026,0.0293,0.00,-0.0030,-0.0030,-0.0030
96.000,-0.3560,-0.0000,0.0026,0.0293,0.00,-0.0030,-0.0029,-0.0030
96.050,-0.3575,-0.0000,0.0026,0.0293,0.00,-0.0029,-0.0029,-0.0029
96.100,-0.3590,-0.0000,0.0025,0.0293,0.00,-0.0029,-0.0029,-0.0029
96.150,-0.3604,-0.0000,0.0025,0.0293,0.00,-0.0029,-0.0029,-0.0029
96.200,-0.3619,-0.0000,0.0025,0.0293,0.00,-0.0029,-0.0029,-0.0029
96.250,-0.3634,-0.0000,0.0024,0.0293,0.00,-0.0029,-0.0029,-0.0029
96.300,-0.3648,-0.0000,0.0024,0.0293,0.00,-0.0029,-0.0029,-0.0029
96.350,-0.3663,-0.0000,0.0024,0.0293,0.00,-0.0029,-0.0029,-0.0029
96.400,-0.3678,-0.0000,0.0023,0.0293,0.00,-0.0028,-0.0028,-0.0028
96.450,-0.3692,-0.0000,0.0023,0.0293,0.00,-0.0028,-0.0028,-0.0028
96.500,-0.3707,-0.0000,0.0023,0.0293,0.00,-0.0028,-0.0028,-0.0028
96.550,-0.3721,-0.0000,0.0022,0.0293,0.00,-0.0028,-0.0028,-0.0028
96.600,-0.3736,-0.0000,0.0022,0.0293,0.00,-0.0028,-0.0028,-0.0028
96.650,-0.3751,-0.0000,0.0022,0.0293,0.00,-0.0028,-0.0028,-0.0028
96.700,-0.3765,-0.0000,0.0021,0.0293,0.00,-0.0027,-0.0027,-0.0028
96.750,-0.3780,-0.0000,0.0021,0.0293,0.00,-0.0027,-0.0027,-0.0027
96.800,-0.3795,-0.0000,0.0021,0.0293,0.00,-0.0027,-0.0027,-0.0027
96.850,-0.3809,-0.0001,0.0021,0.0293,0.00,-0.0027,-0.0027,-0.0027
96.900,-0.3824,-0.0001,0.0020,0.0293,0.00,-0.0027,-0.0027,-0.0027
96.950,-0.3839,-0.0001,0.0020,0.0293,0.00,-0.0027,-0.0027,-0.0027
97.000,-0.3853,-0.0001,0.0020,0.0293,0.00,-0.0026,-0.0026,-0.0026
97.050,-0.3868,-0.0001,0.0019,0.0293,0.00,-0.0026,-0.0026,-0.0026
97.100,-0.3883,-0.0001,0.0019,0.0293,0.00,-0.0026,-0.0026,-0.0026
97.150,-0.3897,-0.0001,0.0019,0.0293,0.00,-0.0026,-0.0026,-0.0026
97.200,-0.3912,-0.0001,0.0018,0.0293,0.00,-0.0026,-0.0026,-0.0026
97.250,-0.3926,-0.0001,0.0018,0.0293,0.00,-0.0026,-0.0026,-0.0026
97.300,-0.3941,-0.0001,0.0018,0.0293,0.00,-0.0025,-0.0025,-0.0025
97.350,-0.3956,-0.0001,0.0018,0.0293,0.00,-0.0025,-0.0025,-0.0025
97.400,-0.3970,-0.0001,0.0017,0.0293,0.00,-0.0025,-0.0025,-0.0025
97.450,-0.3985,-0.0001,0.0017,0.0293,0.00,-0.0025,-0.0025,-0.0025
97.500,-0.4000,-0.0001,0.0017,0.0293,0.00,-0.0025,-0.0025,-0.0025
97.550,-0.4014,-0.0001,0.0017,0.0293,0.00,-0.0024,-0.0024,-0.0025
97.600,-0.4029,-0.0001,0.0016,0.0293,0.00,-0.0024,-0.0024,-0.0024
97.650,-0.4044,-0.0001,0.0016,0.0293,0.00,-0.0024,-0.0024,-0.0024
97.700,-0.4058,-0.0001,0.0016,0.0293,0.00,-0.0024,-0.0024,-0.0024
97.750,-0.4073,-0.0001,0.0015,0.0293,0.00,-0.0024,-0.0024,-0.0024
97.800,-0.4088,-0.0001,0.0015,0.0293,0.00,-0.0024,-0.0024,-0.0024
97.850,-0.4102,-0.0001,0.0015,0.0293,0.00,-0.0023,-0.0023,-0.0023
97.900,-0.4117,-0.0001,0.0015,0.0293,0.00,-0.0023,-0.0023,-0.0023
97.950,-0.4131,-0.0001,0.0014,0.0293,0.00,-0.0023,-0.0023,-0.0023
98.000,-0.4146,-0.0001,0.0014,0.0293,0.00,-0.0023,-0.0023,-0.0023
98.050,-0.4161,-0.0001,0.0014,0.0293,0.00,-0.0023,-0.0023,-0.0023
98.100,-0.4175,-0.0001,0.0014,0.0293,0.00,-0.0022,-0.0022,-0.0022
98.150,-0.4190,-0.0001,0.0013,0.0293,0.00,-0.0022,-0.0022,-0.0022
98.200,-0.4205,-0.0001,0.0013,0.0293,0.00,-0.0022,-0.0022,-0.0022
98.250,-0.4219,-0.0001,0.0013,0.0293,0.00,-0.0022,-0.0022,-0.0022
98.300,-0.4234,-0.0001,0.0013,0.0293,0.00,-0.0022,-0.0022,-0.0022
98.350,-0.4249,-0.0001,0.0012,0.0293,0.00,-0.0021,-0.0021,-0.0021
98.400,-0.4263,-0.0001,0.0012,0.0293,0.00,-0.0021,-0.0021,-0.0021
98.450,-0.4278,-0.0001,0.0012,0.0293,0.00,-0.0021,-0.0021,-0.0021
98.500,-0.4292,-0.0001,0.0012,0.0293,0.00,-0.0021,-0.0021,-0.0021
98.550,-0.4307,-0.0001,0.0011,0.0293,0.00,-0.0021,-0.0021,-0.0021
98.600,-0.4322,-0.0001,0.0011,0.0293,0.00,-0.0021,-0.0021,-0.0021
98.650,-0.4336,-0.0001,0.0011,0.0293,0.00,-0.0020,-0.0020,-0.0020
98.700,-0.4351,-0.0001,0.0011,0.0293,0.00,-0.0020,-0.0020,-0.0020
98.750,-0.4366,-0.0001,0.0010,0.0293,0.00,-0.0020,-0.0020,-0.0020
98.800,-0.4380,-0.0001,0.0010,0.0293,0.00,-0.0020,-0.0020,-0.0020
98.850,-0.4395,-0.0001,0.0010,0.0293,0.00,-0.0020,-0.0020,-0.0020
98.900,-0.4410,-0.0001,0.0010,0.0293,0.00,-0.0019,-0.0019,-0.0019
98.950,-0.4424,-0.0001,0.0009,0.0293,0.00,-0.0019,-0.0019,-0.0019
99.000,-0.4439,-0.0001,0.0009,0.0293,0.00,-0.0019,-0.0019,-0.0019
99.050,-0.4454,-0.0001,0.0009,0.0293,0.00,-0.0019,-0.0019,-0.0019
99.100,-0.4468,-0.0001,0.0009,0.0293,0.00,-0.0019,-0.0019,-0.0019
99.150,-0.4483,-0.0001,0.0009,0.0293,0.00,-0.0018,-0.0018,-0.0018
99.200,-0.4497,-0.0001,0.0008,0.0293,0.00,-0.0018,-0.0018,-0.0018
99.250,-0.4512,-0.0001,0.0008,0.0293,0.00,-0.0018,-0.0018,-0.0018
99.300,-0.4527,-0.0001,0.0008,0.0293,0.00,-0.0018,-0.0018,-0.0018
99.350,-0.4541,-0.0001,0.0008,0.0293,0.00,-0.0018,-0.0018,-0.0018
99.400,-0.4556,-0.0001,0.0007,0.0293,0.00,-0.0017,-0.0017,-0.0017
99.450,-0.4571,-0.0001,0.0007,0.0293,0.00,-0.0017,-0.0017,-0.0017
99.500,-0.4585,-0.0001,0.0007,0.0293,0.00,-0.0017,-0.0017,-0.0017
99.550,-0.4600,-0.0001,0.0007,0.0293,0.00,-0.0017,-0.0017,-0.0017
99.600,-0.4615,-0.0001,0.0007,0.0293,0.00,-0.0017,-0.0017,-0.0017
99.650,-0.4629,-0.0001,0.0007,0.0293,0.00,-0.0017,-0.0017,-0.0017
99.700,-0.4644,-0.0001,0.0006,0.0293,0.00,-0.0016,-0.0016,-0.0016
99.750,-0.4658,-0.0001,0.0006,0.0293,0.00,-0.0016,-0.0016,-0.0016
99.800,-0.4673,-0.0001,0.0006,0.0293,0.00,-0.0016,-0.0016,-0.0016
99.850,-0.4688,-0.0001,0.0006,0.0293,0.00,-0.0016,-0.0016,-0.0016
99.900,-0.4702,-0.0001,0.0006,0.0293,0.00,-0.0016,-0.0016,-0.0016
99.950,-0.4717,-0.0001,0.0005,0.0293,0.00,-0.0015,-0.0015,-0.0015
100.000,-0.4732,-0.0001,0.0005,0.0293,0.00,-0.0015,-0.0015,-0.0015
100.050,-0.4746,-0.0001,0.0005,0.0293,0.00,-0.0015,-0.0015,-0.0015
100.100,-0.4761,-0.0001,0.0005,0.0293,0.00,-0.0015,-0.0015,-0.0015
100.150,-0.4776,-0.0001,0.0005,0.0293,0.00,-0.0015,-0.0015,-0.0015
100.200,-0.4790,-0.0001,0.0005,0.0293,0.00,-0.0014,-0.0014,-0.0015
100.250,-0.4805,-0.0001,0.0004,0.0293,0.00,-0.0014,-0.0014,-0.0014
100.300,-0.4820,-0.0001,0.0004,0.0293,0.00,-0.0014,-0.0014,-0.0014
100.350,-0.4834,-0.0001,0.0004,0.0293,0.00,-0.0014,-0.0014,-0.0014
100.400,-0.4849,-0.0001,0.0004,0.0293,0.00,-0.0014,-0.0014,-0.0014
100.450,-0.4863,-0.0001,0.0004,0.0293,0.00,-0.0014,-0.0014,-0.0014
100.500,-0.4878,-0.0001,0.0004,0.0293,0.00,-0.0013,-0.0013,-0.0013
100.550,-0.4893,-0.0001,0.0004,0.0293,0.00,-0.0013,-0.0013,-0.0013
100.600,-0.4907,-0.0001,0.0003,0.0293,0.00,-0.0013,-0.0013,-0.0013
100.650,-0.4922,-0.0001,0.0003,0.0293,0.00,-0.0013,-0.0013,-0.0013
100.700,-0.4937,-0.0001,0.0003,0.0293,0.00,-0.0013,-0.0013,-0.0013
100.750,-0.4951,-0.0001,0.0003,0.0293,0.00,-0.0013,-0.0013,-0.0013
100.800,-0.4966,-0.0001,0.0003,0.0293,0.00,-0.0012,-0.0012,-0.0012
100.850,-0.4981,-0.0001,0.0003,0.0293,0.00,-0.0012,-0.0012,-0.0012
100.900,-0.4995,-0.0001,0.0003,0.0293,0.00,-0.0012,-0.0012,-0.0012
100.950,-0.5010,-0.0001,0.0003,0.0293,0.00,-0.0012,-0.0012,-0.0012
101.000,-0.5025,-0.0001,0.0002,0.0293,0.00,-0.0012,-0.0012,-0.0012
101.050,-0.5039,-0.0001,0.0002,0.0293,0.00,-0.0012,-0.0012,-0.0012
101.100,-0.5054,-0.0001,0.0002,0.0293,0.00,-0.0011,-0.0011,-0.0011
101.150,-0.5068,-0.0001,0.0002,0.0293,0.00,-0.0011,-0.0011,-0.0011
101.200,-0.5083,-0.0001,0.0002,0.0293,0.00,-0.0011,-0.0011,-0.0011
101.250,-0.5098,-0.0001,0.0002,0.0293,0.00,-0.0011,-0.0011,-0.0011
101.300,-0.5112,-0.0001,0.0002,0.0293,0.00,-0.0011,-0.0011,-0.0011
101.350,-0.5127,-0.0001,0.0002,0.0293,0.00,-0.0011,-0.0011,-0.0011
101.400,-0.5142,-0.0001,0.0001,0.0293,0.00,-0.0010,-0.0010,-0.0010
101.450,-0.5156,-0.0001,0.0001,0.0293,0.00,-0.0010,-0.0010,-0.0010
101.500,-0.5171,-0.0001,0.0001,0.0293,0.00,-0.0010,-0.0010,-0.0010
101.550,-0.5186,-0.0001,0.0001,0.0293,0.00,-0.0010,-0.0010,-0.0010
101.600,-0.5200,-0.0001,0.0001,0.0293,0.00,-0.0010,-0.0010,-0.0010
101.650,-0.5215,-0.0001,0.0001,0.0293,0.00,-0.0010,-0.0010,-0.0010
101.700,-0.5230,-0.0001,0.0001,0.0293,0.00,-0.0010,-0.0010,-0.0010
101.750,-0.5244,-0.0001,0.0001,0.0293,0.00,-0.0009,-0.0009,-0.0009
101.800,-0.5259,-0.0001,0.0001,0.0293,0.00,-0.0009,-0.0009,-0.0009
101.850,-0.5273,-0.0001,0.0001,0.0293,0.00,-0.0009,-0.0009,-0.0009
101.900,-0.5288,-0.0001,0.0000,0.0293,0.00,-0.0009,-0.0009,-0.0009
101.950,-0.5303,-0.0001,0.0000,0.0293,0.00,-0.0009,-0.0009,-0.0009
102.000,-0.5317,-0.0001,0.0000,0.0293,0.00,-0.0009,-0.0009,-0.0009
102.050,-0.5332,-0.0001,0.0000,0.0293,0.00,-0.0009,-0.0009,-0.0009
102.100,-0.5347,-0.0001,0.0000,0.0293,0.00,-0.0008,-0.0008,-0.0008
102.150,-0.5361,-0.0001,0.0000,0.0293,0.00,-0.0008,-0.0008,-0.0008
102.200,-0.5376,-0.0001,-0.0000,0.0293,0.00,-0.0008,-0.0008,-0.0008
102.250,-0.5391,-0.0001,-0.0000,0.0293,0.00,-0.0008,-0.0008,-0.0008
102.300,-0.5405,-0.0001,-0.0000,0.0293,0.00,-0.0008,-0.0008,-0.0008
102.350,-0.5420,-0.0001,-0.0000,0.0293,0.00,-0.0008,-0.0008,-0.0008
102.400,-0.5434,-0.0001,-0.0000,0.0293,0.00,-0.0008,-0.0008,-0.0008
102.450,-0.5449,-0.0001,-0.0000,0.0293,0.00,-0.0007,-0.0007,-0.0007
102.500,-0.5464,-0.0001,-0.0001,0.0293,0.00,-0.0007,-0.0007,-0.0007
102.550,-0.5478,-0.0001,-0.0001,0.0293,0.00,-0.0007,-0.0007,-0.0007
102.600,-0.5493,-0.0001,-0.0001,0.0293,0.00,-0.0007,-0.0007,-0.0007
102.650,-0.5508,-0.0001,-0.0001,0.0293,0.00,-0.0007,-0.0007,-0.0007
102.700,-0.5522,-0.0001,-0.0001,0.0293,0.00,-0.0007,-0.0007,-0.0007
102.750,-0.5537,-0.0001,-0.0001,0.0293,0.00,-0.0007,-0.0007,-0.0007
102.800,-0.5552,-0.0001,-0.0001,0.0293,0.00,-0.0007,-0.0007,-0.0007
102.850,-0.5566,-0.0001,-0.0001,0.0293,0.00,-0.0006,-0.0006,-0.0006
102.900,-0.5581,-0.0001,-0.0001,0.0293,0.00,-0.0006,-0.0006,-0.0006
102.950,-0.5596,-0.0001,-0.0001,0.0293,0.00,-0.0006,-0.0006,-0.0006
103.000,-0.5610,-0.0001,-0.0001,0.0293,0.00,-0.0006,-0.0006,-0.0006
103.050,-0.5625,-0.0001,-0.0001,0.0293,0.00,-0.0006,-0.0006,-0.0006
103.100,-0.5639,-0.0001,-0.0001,0.0293,0.00,-0.0006,-0.0006,-0.0006
103.150,-0.5654,-0.0001,-0.0001,0.0293,0.00,-0.0006,-0.0006,-0.0006
103.200,-0.5669,-0.0001,-0.0001,0.0293,0.00,-0.0006,-0.0006,-0.0006
103.250,-0.5683,-0.0001,-0.0002,0.0293,0.00,-0.0005,-0.0005,-0.0005
103.300,-0.5698,-0.0001,-0.0002,0.0293,0.00,-0.0005,-0.0005,-0.0005
103.350,-0.5713,-0.0001,-0.0002,0.0293,0.00,-0.0005,-0.0005,-0.0005
103.400,-0.5727,-0.0001,-0.0002,0.0293,0.00,-0.0005,-0.0005,-0.0005
103.450,-0.5742,-0.0001,-0.0002,0.0293,0.00,-0.0005,-0.0005,-0.0005
103.500,-0.5757,-0.0001,-0.0002,0.0293,0.00,-0.0005,-0.0005,-0.0005
103.550,-0.5771,-0.0001,-0.0002,0.0293,0.00,-0.0005,-0.0005,-0.0005
103.600,-0.5786,-0.0001,-0.0002,0.0293,0.00,-0.0005,-0.0005,-0.0005
103.650,-0.5801,-0.0001,-0.0002,0.0293,0.00,-0.0005,-0.0005,-0.0005
103.700,-0.5815,-0.0001,-0.0002,0.0293,0.00,-0.0005,-0.0005,-0.0005
103.750,-0.5830,-0.0001,-0.0002,0.0293,0.00,-0.0004,-0.0004,-0.0004
103.800,-0.5844,-0.0001,-0.0002,0.0293,0.00,-0.0004,-0.0004,-0.0004
103.850,-0.5859,-0.0000,-0.0002,0.0293,0.00,-0.0004,-0.0004,-0.0004
103.900,-0.5874,-0.0000,-0.0002,0.0293,0.00,-0.0004,-0.0004,-0.0004
103.950,-0.5888,-0.0000,-0.0002,0.0293,0.00,-0.0004,-0.0004,-0.0004
104.000,-0.5903,-0.0000,-0.0002,0.0293,0.00,-0.0004,-0.0004,-0.0004
104.050,-0.5918,-0.0000,-0.0002,0.0293,0.00,-0.0004,-0.0004,-0.0004
104.100,-0.5932,-0.0000,-0.0002,0.0293,0.00,-0.0004,-0.0004,-0.0004
104.150,-0.5947,-0.0000,-0.0002,0.0293,0.00,-0.0004,-0.0004,-0.0004
104.200,-0.5962,-0.0000,-0.0002,0.0293,0.00,-0.0004,-0.0004,-0.0004
104.250,-0.5976,-0.0000,-0.0002,0.0293,0.00,-0.0003,-0.0003,-0.0003
104.300,-0.5991,-0.0000,-0.0002,0.0293,0.00,-0.0003,-0.0003,-0.0003
104.350,-0.6006,-0.0000,-0.0002,0.0293,0.00,-0.0003,-0.0003,-0.0003
104.400,-0.6020,-0.0000,-0.0003,0.0293,0.00,-0.0003,-0.0003,-0.0003
104.450,-0.6035,-0.0000,-0.0003,0.0293,0.00,-0.0003,-0.0003,-0.0003
104.500,-0.6049,-0.0000,-0.0003,0.0293,0.00,-0.0003,-0.0003,-0.0003
104.550,-0.6064,-0.0000,-0.0003,0.0293,0.00,-0.0003,-0.0003,-0.0003
104.600,-0.6079,-0.0000,-0.0003,0.0293,0.00,-0.0003,-0.0003,-0.0003
104.650,-0.6093,-0.0000,-0.0003,0.0293,0.00,-0.0003,-0.0003,-0.0003
104.700,-0.6108,-0.0000,-0.0003,0.0293,0.00,-0.0003,-0.0003,-0.0003
104.750,-0.6123,-0.0000,-0.0003,0.0293,0.00,-0.0003,-0.0003,-0.0003
104.800,-0.6137,-0.0000,-0.0003,0.0293,0.00,-0.0003,-0.0003,-0.0003
104.850,-0.6152,-0.0000,-0.0003,0.0293,0.00,-0.0002,-0.0002,-0.0002
104.900,-0.6167,-0.0000,-0.0003,0.0293,0.00,-0.0002,-0.0002,-0.0002
104.950,-0.6181,-0.0000,-0.0003,0.0293,0.00,-0.0002,-0.0002,-0.0002
105.000,-0.6196,-0.0000,-0.0003,0.0293,0.00,-0.0002,-0.0002,-0.0002
105.050,-0.6211,-0.0000,-0.0003,0.0293,0.00,-0.0002,-0.0002,-0.0002
105.100,-0.6225,-0.0000,-0.0003,0.0293,0.00,-0.0002,-0.0002,-0.0002
105.150,-0.6240,-0.0000,-0.0003,0.0293,0.00,-0.0002,-0.0002,-0.0002
105.200,-0.6254,-0.0000,-0.0003,0.0293,0.00,-0.0002,-0.0002,-0.0002
105.250,-0.6269,-0.0000,-0.0003,0.0293,0.00,-0.0002,-0.0002,-0.0002
105.300,-0.6284,-0.0000,-0.0003,0.0293,0.00,-0.0002,-0.0002,-0.0002
105.350,-0.6298,-0.0000,-0.0003,0.0293,0.00,-0.0002,-0.0002,-0.0002
105.400,-0.6313,-0.0000,-0.0003,0.0293,0.00,-0.0002,-0.0002,-0.0002
105.450,-0.6328,-0.0000,-0.0003,0.0293,0.00,-0.0002,-0.0002,-0.0002
105.500,-0.6342,-0.0000,-0.0003,0.0293,0.00,-0.0002,-0.0002,-0.0002
105.550,-0.6357,-0.0000,-0.0003,0.0293,0.00,-0.0002,-0.0002,-0.0002
105.600,-0.6372,-0.0000,-0.0003,0.0293,0.00,-0.0001,-0.0001,-0.0001
105.650,-0.6386,-0.0000,-0.0003,0.0293,0.00,-0.0001,-0.0001,-0.0001
105.700,-0.6401,-0.0000,-0.0003,0.0293,0.00,-0.0001,-0.0001,-0.0001
105.750,-0.6416,-0.0000,-0.0003,0.0293,0.00,-0.0001,-0.0001,-0.0001
105.800,-0.6430,-0.0000,-0.0003,0.0293,0.00,-0.0001,-0.0001,-0.0001
105.850,-0.6445,-0.0000,-0.0003,0.0293,0.00,-0.0001,-0.0001,-0.0001
105.900,-0.6459,-0.0000,-0.0003,0.0293,0.00,-0.0001,-0.0001,-0.0001
105.950,-0.6474,-0.0000,-0.0003,0.0293,0.00,-0.0001,-0.0001,-0.0001
106.000,-0.6489,-0.0000,-0.0003,0.0293,0.00,-0.0001,-0.0001,-0.0001
106.050,-0.6503,-0.0000,-0.0003,0.0293,0.00,-0.0001,-0.0001,-0.0001
106.100,-0.6518,-0.0000,-0.0003,0.0293,0.00,-0.0001,-0.0001,-0.0001
106.150,-0.6533,-0.0000,-0.0003,0.0293,0.00,-0.0001,-0.0001,-0.0001
106.200,-0.6547,-0.0000,-0.0003,0.0293,0.00,-0.0001,-0.0001,-0.0001
106.250,-0.6562,-0.0000,-0.0003,0.0293,0.00,-0.0001,-0.0001,-0.0001
106.300,-0.6577,-0.0000,-0.0003,0.0293,0.00,-0.0001,-0.0001,-0.0001
106.350,-0.6591,-0.0000,-0.0003,0.0293,0.00,-0.0001,-0.0001,-0.0001
106.400,-0.6606,-0.0000,-0.0003,0.0293,0.00,-0.0001,-0.0001,-0.0001
106.450,-0.6621,-0.0000,-0.0003,0.0293,0.00,-0.0001,-0.0001,-0.0001
106.500,-0.6635,-0.0000,-0.0003,0.0293,0.00,-0.0001,-0.0001,-0.0001
106.550,-0.6650,-0.0000,-0.0003,0.0293,0.00,-0.0001,-0.0001,-0.0001
106.600,-0.6664,-0.0000,-0.0003,0.0293,0.00,-0.0001,-0.0001,-0.0001
106.650,-0.6679,-0.0000,-0.0003,0.0293,0.00,-0.0001,-0.0001,-0.0001
106.700,-0.6694,-0.0000,-0.0003,0.0293,0.00,-0.0000,-0.0000,-0.0000
106.750,-0.6708,-0.0000,-0.0003,0.0293,0.00,-0.0000,-0.0000,-0.0000
106.800,-0.6723,-0.0000,-0.0003,0.0293,0.00,-0.0000,-0.0000,-0.0000
106.850,-0.6738,-0.0000,-0.0003,0.0293,0.00,-0.0000,-0.0000,-0.0000
106.900,-0.6752,-0.0000,-0.0003,0.0293,0.00,-0.0000,-0.0000,-0.0000
106.950,-0.6767,-0.0000,-0.0003,0.0293,0.00,-0.0000,-0.0000,-0.0000
107.000,-0.6782,-0.0000,-0.0003,0.0293,0.00,-0.0000,-0.0000,-0.0000
107.050,-0.6796,-0.0000,-0.0003,0.0293,0.00,-0.0000,-0.0000,-0.0000
107.100,-0.6811,-0.0000,-0.0003,0.0293,0.00,-0.0000,-0.0000,-0.0000
107.150,-0.6826,-0.0000,-0.0003,0.0293,0.00,-0.0000,-0.0000,-0.0000
107.200,-0.6840,-0.0000,-0.0003,0.0293,0.00,-0.0000,-0.0000,-0.0000
107.250,-0.6855,-0.0000,-0.0003,0.0293,0.00,-0.0000,-0.0000,-0.0000
107.300,-0.6869,-0.0000,-0.0003,0.0293,0.00,-0.0000,-0.0000,-0.0000
107.350,-0.6884,-0.0000,-0.0003,0.0293,0.00,-0.0000,-0.0000,-0.0000
107.400,-0.6899,-0.0000,-0.0003,0.0293,0.00,-0.0000,-0.0000,-0.0000
107.450,-0.6913,-0.0000,-0.0003,0.0293,0.00,-0.0000,-0.0000,-0.0000
107.500,-0.6928,-0.0000,-0.0003,0.0293,0.00,-0.0000,-0.0000,-0.0000
107.550,-0.6943,-0.0000,-0.0003,0.0293,0.00,0.0000,0.0000,0.0000
107.600,-0.6957,-0.0000,-0.0003,0.0293,0.00,0.0000,0.0000,0.0000
107.650,-0.6972,-0.0000,-0.0003,0.0293,0.00,0.0000,0.0000,0.0000
107.700,-0.6987,-0.0000,-0.0003,0.0293,0.00,0.0000,0.0000,0.0000
107.750,-0.7001,-0.0000,-0.0003,0.0293,0.00,0.0000,0.0000,0.0000
107.800,-0.7016,-0.0000,-0.0003,0.0293,0.00,0.0000,0.0000,0.0000
107.850,-0.7030,-0.0000,-0.0003,0.0293,0.00,0.0000,0.0000,0.0000
107.900,-0.7045,-0.0000,-0.0003,0.0293,0.00,0.0000,0.0000,0.0000
107.950,-0.7060,-0.0000,-0.0003,0.0293,0.00,0.0000,0.0000,0.0000
108.000,-0.7074,-0.0000,-0.0003,0.0293,0.00,0.0000,0.0000,0.0000
108.050,-0.7089,-0.0000,-0.0003,0.0293,0.00,0.0000,0.0000,0.0000
108.100,-0.7104,-0.0000,-0.0003,0.0293,0.00,0.0000,0.0000,0.0000
108.150,-0.7118,-0.0000,-0.0003,0.0293,0.00,0.0000,0.0000,0.0000
108.200,-0.7133,-0.0000,-0.0003,0.0293,0.00,0.0000,0.0000,0.0000
108.250,-0.7148,-0.0000,-0.0003,0.0293,0.00,0.0000,0.0000,0.0000
108.300,-0.7162,-0.0000,-0.0003,0.0293,0.00,0.0000,0.0000,0.0000
108.350,-0.7177,-0.0000,-0.0003,0.0293,0.00,0.0000,0.0000,0.0000
108.400,-0.7192,-0.0000,-0.0003,0.0293,0.00,0.0000,0.0000,0.0000
108.450,-0.7206,-0.0000,-0.0003,0.0293,0.00,0.0000,0.0000,0.0000
108.500,-0.7221,-0.0000,-0.0003,0.0293,0.00,0.0000,0.0000,0.0000
108.550,-0.7235,-0.0000,-0.0003,0.0293,0.00,0.0000,0.0000,0.0000
108.600,-0.7250,-0.0000,-0.0003,0.0293,0.00,0.0000,0.0000,0.0000
108.650,-0.7265,-0.0000,-0.0003,0.0293,0.00,0.0000,0.0000,0.0000
108.700,-0.7279,-0.0000,-0.0003,0.0293,0.00,0.0000,0.0000,0.0000
108.750,-0.7294,-0.0000,-0.0003,0.0293,0.00,0.0000,0.0000,0.0000
108.800,-0.7309,-0.0000,-0.0003,0.0293,0.00,0.0000,0.0000,0.0000
108.850,-0.7323,-0.0000,-0.0003,0.0293,0.00,0.0000,0.0000,0.0000
108.900,-0.7338,-0.0000,-0.0003,0.0293,0.00,0.0000,0.0000,0.0000
108.950,-0.7353,-0.0000,-0.0003,0.0293,0.00,0.0000,0.0000,0.0000
109.000,-0.7367,-0.0000,-0.0003,0.0293,0.00,0.0000,0.0000,0.0000
109.050,-0.7382,-0.0000,-0.0003,0.0293,0.00,0.0000,0.0000,0.0000
109.100,-0.7397,-0.0000,-0.0003,0.0293,0.00,0.0000,0.0000,0.0000
109.150,-0.7411,-0.0000,-0.0003,0.0293,0.00,0.0000,0.0000,0.0000
109.200,-0.7426,-0.0000,-0.0003,0.0293,0.00,0.0000,0.0000,0.0000
109.250,-0.7440,-0.0000,-0.0003,0.0293,0.00,0.0000,0.0000,0.0000
109.300,-0.7455,-0.0000,-0.0003,0.0293,0.00,0.0000,0.0000,0.0000
109.350,-0.7470,-0.0000,-0.0003,0.0293,0.00,0.0000,0.0000,0.0000
109.400,-0.7484,-0.0000,-0.0002,0.0293,0.00,0.0000,0.0000,0.0000
109.450,-0.7499,-0.0000,-0.0002,0.0293,0.00,0.0000,0.0000,0.0000
109.500,-0.7514,-0.0000,-0.0002,0.0293,0.00,0.0000,0.0000,0.0000
109.550,-0.7528,-0.0000,-0.0002,0.0293,0.00,0.0000,0.0000,0.0000
109.600,-0.7543,-0.0000,-0.0002,0.0293,0.00,0.0000,0.0000,0.0000
109.650,-0.7558,-0.0000,-0.0002,0.0293,0.00,0.0000,0.0000,0.0000
109.700,-0.7572,-0.0000,-0.0002,0.0293,0.00,0.0000,0.0000,0.0000
109.750,-0.7587,-0.0000,-0.0002,0.0293,0.00,0.0000,0.0000,0.0000
109.800,-0.7602,-0.0000,-0.0002,0.0293,0.00,0.0000,0.0000,0.0000
109.850,-0.7616,-0.0000,-0.0002,0.0293,0.00,0.0000,0.0000,0.0000
109.900,-0.7631,-0.0000,-0.0002,0.0293,0.00,0.0000,0.0000,0.0000
109.950,-0.7645,-0.0000,-0.0002,0.0293,0.00,0.0000,0.0000,0.0000
110.000,-0.7660,-0.0000,-0.0002,0.0293,0.00,0.0000,0.0000,0.0000
110.050,-0.7675,-0.0000,-0.0002,0.0293,0.00,0.0000,0.0000,0.0000
110.100,-0.7689,-0.0000,-0.0002,0.0293,0.00,0.0000,0.0000,0.0000
110.150,-0.7704,-0.0000,-0.0002,0.0293,0.00,0.0000,0.0000,0.0000
110.200,-0.7719,-0.0000,-0.0002,0.0293,0.00,0.0000,0.0000,0.0000
110.250,-0.7733,-0.0000,-0.0002,0.0293,0.00,0.0000,0.0000,0.0000
110.300,-0.7748,-0.0000,-0.0002,0.0293,0.00,0.0000,0.0000,0.0000
110.350,-0.7763,-0.0000,-0.0002,0.0293,0.00,0.0000,0.0000,0.0000
110.400,-0.7777,-0.0000,-0.0002,0.0293,0.00,0.0000,0.0000,0.0000
110.450,-0.7792,-0.0000,-0.0002,0.0293,0.00,0.0000,0.0000,0.0000
110.500,-0.7807,-0.0000,-0.0002,0.0293,0.00,0.0000,0.0000,0.0000
110.550,-0.7821,-0.0000,-0.0002,0.0293,0.00,0.0000,0.0000,0.0000
110.600,-0.7836,-0.0000,-0.0002,0.0293,0.00,0.0000,0.0000,0.0000
110.650,-0.7850,-0.0000,-0.0002,0.0293,0.00,0.0000,0.0000,0.0000
110.700,-0.7865,-0.0000,-0.0002,0.0293,0.00,0.0000,0.0000,0.0000
110.750,-0.7880,-0.0000,-0.0002,0.0293,0.00,0.0000,0.0000,0.0000
110.800,-0.7894,-0.0000,-0.0002,0.0293,0.00,0.0000,0.0000,0.0000
110.850,-0.7909,-0.0000,-0.0002,0.0293,0.00,0.0000,0.0000,0.0000
110.900,-0.7924,-0.0000,-0.0002,0.0293,0.00,0.0000,0.0000,0.0000
110.950,-0.7938,-0.0000,-0.0002,0.0293,0.00,0.0000,0.0000,0.0000
111.000,-0.7953,-0.0000,-0.0002,0.0293,0.00,0.0000,0.0000,0.0000
111.050,-0.7968,-0.0000,-0.0002,0.0293,0.00,0.0000,0.0000,0.0000
111.100,-0.7982,-0.0000,-0.0002,0.0293,0.00,0.0000,0.0000,0.0000
111.150,-0.7997,-0.0000,-0.0002,0.0293,0.00,0.0000,0.0000,0.0000
111.200,-0.8012,-0.0000,-0.0002,0.0293,0.00,0.0000,0.0000,0.0000
111.250,-0.8026,-0.0000,-0.0002,0.0293,0.00,0.0000,0.0000,0.0000
111.300,-0.8041,-0.0000,-0.0002,0.0293,0.00,0.0000,0.0000,0.0000
111.350,-0.8055,-0.0000,-0.0002,0.0293,0.00,0.0000,0.0000,0.0000
111.400,-0.8070,-0.0000,-0.0002,0.0293,0.00,0.0000,0.0000,0.0000
111.450,-0.8085,-0.0000,-0.0002,0.0293,0.00,0.0000,0.0000,0.0000
111.500,-0.8099,-0.0000,-0.0002,0.0293,0.00,0.0000,0.0000,0.0000
111.550,-0.8114,-0.0000,-0.0002,0.0293,0.00,0.0000,0.0000,0.0000
111.600,-0.8129,-0.0000,-0.0002,0.0293,0.00,0.0000,0.0000,0.0000
111.650,-0.8143,-0.0000,-0.0002,0.0293,0.00,0.0000,0.0000,0.0000
111.700,-0.8158,-0.0000,-0.0002,0.0293,0.00,0.0000,0.0000,0.0000
111.750,-0.8173,-0.0000,-0.0002,0.0293,0.00,0.0000,0.0000,0.0000
111.800,-0.8187,-0.0000,-0.0002,0.0293,0.00,0.0000,0.0000,0.0000
111.850,-0.8202,-0.0000,-0.0002,0.0293,0.00,-0.0000,-0.0000,-0.0000
111.900,-0.8217,-0.0000,-0.0002,0.0293,0.00,-0.0000,-0.0000,-0.0000
111.950,-0.8231,-0.0000,-0.0002,0.0293,0.00,-0.0000,-0.0000,-0.0000
112.000,-0.8246,-0.0000,-0.0002,0.0293,0.00,-0.0000,-0.0000,-0.0000
112.050,-0.8260,-0.0000,-0.0002,0.0293,0.00,-0.0000,-0.0000,-0.0000
112.100,-0.8275,-0.0000,-0.0002,0.0293,0.00,-0.0000,-0.0000,-0.0000
112.150,-0.8290,-0.0000,-0.0002,0.0293,0.00,-0.0000,-0.0000,-0.0000
112.200,-0.8304,-0.0000,-0.0002,0.0293,0.00,-0.0000,-0.0000,-0.0000
112.250,-0.8319,-0.0000,-0.0002,0.0293,0.00,-0.0000,-0.0000,-0.0000
112.300,-0.8334,-0.0000,-0.0002,0.0293,0.00,-0.0000,-0.0000,-0.0000
112.350,-0.8348,-0.0000,-0.0002,0.0293,0.00,-0.0000,-0.0000,-0.0000
112.400,-0.8363,-0.0000,-0.0002,0.0293,0.00,-0.0000,-0.0000,-0.0000
112.450,-0.8378,-0.0000,-0.0002,0.0293,0.00,-0.0000,-0.0000,-0.0000
112.500,-0.8392,-0.0000,-0.0001,0.0293,0.00,-0.0000,-0.0000,-0.0000
112.550,-0.8407,-0.0000,-0.0001,0.0293,0.00,-0.0000,-0.0000,-0.0000
112.600,-0.8422,-0.0000,-0.0001,0.0293,0.00,-0.0000,-0.0000,-0.0000
112.650,-0.8436,-0.0000,-0.0001,0.0293,0.00,-0.0000,-0.0000,-0.0000
112.700,-0.8451,-0.0000,-0.0001,0.0293,0.00,-0.0000,-0.0000,-0.0000
112.750,-0.8465,-0.0000,-0.0001,0.0293,0.00,-0.0000,-0.0000,-0.0000
112.800,-0.8480,-0.0000,-0.0001,0.0293,0.00,-0.0000,-0.0000,-0.0000
112.850,-0.8495,-0.0000,-0.0001,0.0293,0.00,-0.0000,-0.0000,-0.0000
112.900,-0.8509,-0.0000,-0.0001,0.0293,0.00,-0.0000,-0.0000,-0.0000
112.950,-0.8524,-0.0000,-0.0001,0.0293,0.00,-0.0000,-0.0000,-0.0000
113.000,-0.8539,-0.0000,-0.0001,0.0293,0.00,-0.0000,-0.0000,-0.0000
113.050,-0.8553,-0.0000,-0.0001,0.0293,0.00,-0.0000,-0.0000,-0.0000
113.100,-0.8568,-0.0000,-0.0001,0.0293,0.00,-0.0000,-0.0000,-0.0000
113.150,-0.8583,-0.0000,-0.0001,0.0293,0.00,-0.0000,-0.0000,-0.0000
113.200,-0.8597,-0.0000,-0.0001,0.0293,0.00,-0.0000,-0.0000,-0.0000
113.250,-0.8612,-0.0000,-0.0001,0.0293,0.00,-0.0000,-0.0000,-0.0000
113.300,-0.8627,-0.0000,-0.0001,0.0293,0.00,-0.0000,-0.0000,-0.0000
113.350,-0.8641,-0.0000,-0.0001,0.0293,0.00,-0.0000,-0.0000,-0.0000
113.400,-0.8656,-0.0000,-0.0001,0.0293,0.00,-0.0000,-0.0000,-0.0000
113.450,-0.8670,-0.0000,-0.0001,0.0293,0.00,-0.0000,-0.0000,-0.0000
113.500,-0.8685,-0.0000,-0.0001,0.0293,0.00,-0.0000,-0.0000,-0.0000
113.550,-0.8700,-0.0000,-0.0001,0.0293,0.00,-0.0000,-0.0000,-0.0000
113.600,-0.8714,-0.0000,-0.0001,0.0293,0.00,-0.0001,-0.0001,-0.0001
113.650,-0.8729,-0.0000,-0.0001,0.0293,0.00,-0.0001,-0.0001,-0.0001
113.700,-0.8744,-0.0000,-0.0001,0.0293,0.00,-0.0001,-0.0001,-0.0001
113.750,-0.8758,-0.0000,-0.0001,0.0293,0.00,-0.0001,-0.0001,-0.0001
113.800,-0.8773,-0.0000,-0.0001,0.0293,0.00,-0.0001,-0.0001,-0.0001
113.850,-0.8788,-0.0000,-0.0001,0.0293,0.00,-0.0001,-0.0001,-0.0001
113.900,-0.8802,-0.0000,-0.0001,0.0293,0.00,-0.0001,-0.0001,-0.0001
113.950,-0.8817,-0.0000,-0.0001,0.0293,0.00,-0.0001,-0.0001,-0.0001
114.000,-0.8832,-0.0000,-0.0001,0.0293,0.00,-0.0001,-0.0001,-0.0001
114.050,-0.8846,-0.0000,-0.0001,0.0293,0.00,-0.0001,-0.0001,-0.0001
114.100,-0.8861,-0.0000,-0.0001,0.0293,0.00,-0.0001,-0.0001,-0.0001
114.150,-0.8875,-0.0000,-0.0001,0.0293,0.00,-0.0001,-0.0001,-0.0001
114.200,-0.8890,-0.0000,-0.0001,0.0293,0.00,-0.0001,-0.0001,-0.0001
114.250,-0.8905,-0.0000,-0.0001,0.0293,0.00,-0.0001,-0.0001,-0.0001
114.300,-0.8919,-0.0000,-0.0001,0.0293,0.00,-0.0001,-0.0001,-0.0001
114.350,-0.8934,-0.0000,-0.0001,0.0293,0.00,-0.0001,-0.0001,-0.0001
114.400,-0.8949,-0.0000,-0.0001,0.0293,0.00,-0.0001,-0.0001,-0.0001
114.450,-0.8963,-0.0000,-0.0001,0.0293,0.00,-0.0001,-0.0001,-0.0001
114.500,-0.8978,-0.0000,-0.0001,0.0293,0.00,-0.0001,-0.0001,-0.0001
114.550,-0.8993,-0.0000,-0.0001,0.0293,0.00,-0.0001,-0.0001,-0.0001
114.600,-0.9007,-0.0000,-0.0001,0.0293,0.00,-0.0001,-0.0001,-0.0001
114.650,-0.9022,-0.0000,-0.0001,0.0293,0.00,-0.0001,-0.0001,-0.0001
114.700,-0.9037,-0.0000,-0.0001,0.0293,0.00,-0.0001,-0.0001,-0.0001
114.750,-0.9051,-0.0000,-0.0001,0.0293,0.00,-0.0001,-0.0001,-0.0001
114.800,-0.9066,-0.0000,-0.0001,0.0293,0.00,-0.0001,-0.0001,-0.0001
114.850,-0.9080,-0.0000,-0.0001,0.0293,0.00,-0.0001,-0.0001,-0.0001
114.900,-0.9095,-0.0000,-0.0001,0.0293,0.00,-0.0001,-0.0001,-0.0001
114.950,-0.9110,-0.0000,-0.0001,0.0293,0.00,-0.0001,-0.0001,-0.0001
115.000,-0.9124,-0.0000,-0.0001,0.0293,0.00,-0.0001,-0.0001,-0.0001
115.050,-0.9139,-0.0000,-0.0001,0.0293,0.00,-0.0001,-0.0001,-0.0001
115.100,-0.9154,-0.0000,-0.0001,0.0293,0.00,-0.0001,-0.0001,-0.0001
115.150,-0.9168,-0.0000,-0.0001,0.0293,0.00,-0.0001,-0.0001,-0.0001
115.200,-0.9183,-0.0000,-0.0001,0.0293,0.00,-0.0001,-0.0001,-0.0001
115.250,-0.9198,-0.0000,-0.0001,0.0293,0.00,-0.0001,-0.0001,-0.0001
115.300,-0.9212,-0.0000,-0.0001,0.0293,0.00,-0.0001,-0.0001,-0.0001
115.350,-0.9227,-0.0000,-0.0001,0.0293,0.00,-0.0001,-0.0001,-0.0001
115.400,-0.9242,-0.0000,-0.0001,0.0293,0.00,-0.0001,-0.0001,-0.0001
115.450,-0.9256,-0.0000,-0.0001,0.0293,0.00,-0.0001,-0.0001,-0.0001
115.500,-0.9271,-0.0000,-0.0001,0.0293,0.00,-0.0001,-0.0001,-0.0001
115.550,-0.9285,-0.0000,-0.0001,0.0293,0.00,-0.0001,-0.0001,-0.0001
115.600,-0.9300,-0.0000,-0.0001,0.0293,0.00,-0.0001,-0.0001,-0.0001
115.650,-0.9315,-0.0000,-0.0001,0.0293,0.00,-0.0001,-0.0001,-0.0001
115.700,-0.9329,-0.0000,-0.0001,0.0293,0.00,-0.0001,-0.0001,-0.0001
115.750,-0.9344,-0.0000,-0.0001,0.0293,0.00,-0.0001,-0.0001,-0.0001
115.800,-0.9359,-0.0000,-0.0001,0.0293,0.00,-0.0001,-0.0001,-0.0001
115.850,-0.9373,-0.0000,-0.0001,0.0293,0.00,-0.0001,-0.0001,-0.0001
115.900,-0.9388,-0.0000,-0.0001,0.0293,0.00,-0.0001,-0.0001,-0.0001
115.950,-0.9403,-0.0000,-0.0001,0.0293,0.00,-0.0001,-0.0001,-0.0001
116.000,-0.9417,-0.0000,-0.0001,0.0293,0.00,-0.0001,-0.0001,-0.0001
116.050,-0.9432,-0.0000,-0.0001,0.0293,0.00,-0.0001,-0.0001,-0.0001
116.100,-0.9447,-0.0000,-0.0001,0.0293,0.00,-0.0001,-0.0001,-0.0001
116.150,-0.9461,-0.0000,-0.0001,0.0293,0.00,-0.0001,-0.0001,-0.0001
116.200,-0.9476,-0.0000,-0.0001,0.0293,0.00,-0.0001,-0.0001,-0.0001
116.250,-0.9490,-0.0000,-0.0001,0.0293,0.00,-0.0001,-0.0001,-0.0001
116.300,-0.9505,-0.0000,-0.0001,0.0293,0.00,-0.0001,-0.0001,-0.0001
116.350,-0.9520,-0.0000,-0.0001,0.0293,0.00,-0.0002,-0.0002,-0.0002
116.400,-0.9534,-0.0000,-0.0001,0.0293,0.00,-0.0002,-0.0002,-0.0002
116.450,-0.9549,-0.0000,-0.0001,0.0293,0.00,-0.0002,-0.0002,-0.0002
116.500,-0.9564,-0.0000,-0.0001,0.0293,0.00,-0.0002,-0.0002,-0.0002
116.550,-0.9578,-0.0000,-0.0001,0.0293,0.00,-0.0002,-0.0002,-0.0002
116.600,-0.9593,-0.0000,-0.0001,0.0293,0.00,-0.0002,-0.0002,-0.0002
116.650,-0.9608,-0.0000,-0.0001,0.0293,0.00,-0.0002,-0.0002,-0.0002
116.700,-0.9622,-0.0000,-0.0001,0.0293,0.00,-0.0002,-0.0002,-0.0002
116.750,-0.9637,-0.0000,-0.0001,0.0293,0.00,-0.0002,-0.0002,-0.0002
116.800,-0.9652,-0.0000,-0.0001,0.0293,0.00,-0.0002,-0.0002,-0.0002
116.850,-0.9666,-0.0000,-0.0001,0.0293,0.00,-0.0002,-0.0002,-0.0002
116.900,-0.9681,-0.0000,-0.0001,0.0293,0.00,-0.0002,-0.0002,-0.0002
116.950,-0.9695,-0.0000,-0.0001,0.0293,0.00,-0.0002,-0.0002,-0.0002
117.000,-0.9710,-0.0000,-0.0001,0.0293,0.00,-0.0002,-0.0002,-0.0002
117.050,-0.9725,-0.0000,-0.0001,0.0293,0.00,-0.0002,-0.0002,-0.0002
117.100,-0.9739,-0.0000,-0.0001,0.0293,0.00,-0.0002,-0.0002,-0.0002
117.150,-0.9754,-0.0000,-0.0001,0.0293,0.00,-0.0002,-0.0002,-0.0002
117.200,-0.9769,-0.0000,-0.0001,0.0293,0.00,-0.0002,-0.0002,-0.0002
117.250,-0.9783,-0.0000,-0.0001,0.0293,0.00,-0.0002,-0.0002,-0.0002
117.300,-0.9798,-0.0000,-0.0001,0.0293,0.00,-0.0002,-0.0002,-0.0002
117.350,-0.9813,-0.0000,-0.0001,0.0293,0.00,-0.0002,-0.0002,-0.0002
117.400,-0.9827,-0.0000,-0.0001,0.0293,0.00,-0.0002,-0.0002,-0.0002
117.450,-0.9842,-0.0000,-0.0001,0.0293,0.00,-0.0002,-0.0002,-0.0002
117.500,-0.9857,-0.0000,-0.0001,0.0293,0.00,-0.0002,-0.0002,-0.0002
117.550,-0.9871,-0.0000,-0.0001,0.0293,0.00,-0.0002,-0.0002,-0.0002
117.600,-0.9886,-0.0000,-0.0001,0.0293,0.00,-0.0002,-0.0002,-0.0002
117.650,-0.9900,-0.0000,-0.0001,0.0293,0.00,-0.0002,-0.0002,-0.0002
117.700,-0.9915,-0.0000,-0.0001,0.0293,0.00,-0.0002,-0.0002,-0.0002
117.750,-0.9930,-0.0000,-0.0001,0.0293,0.00,-0.0002,-0.0002,-0.0002
117.800,-0.9944,-0.0000,-0.0001,0.0293,0.00,-0.0002,-0.0002,-0.0002
117.850,-0.9959,-0.0000,-0.0001,0.0293,0.00,-0.0002,-0.0002,-0.0002
117.900,-0.9974,-0.0000,-0.0001,0.0293,0.00,-0.0002,-0.0002,-0.0002
117.950,-0.9988,-0.0000,-0.0001,0.0293,0.00,-0.0002,-0.0002,-0.0002
118.000,-1.0003,-0.0000,-0.0001,0.0293,0.00,-0.0002,-0.0002,-0.0002
118.050,-1.0018,-0.0000,-0.0001,0.0293,0.00,-0.0002,-0.0002,-0.0002
118.100,-1.0032,-0.0000,-0.0001,0.0293,0.00,-0.0002,-0.0002,-0.0002
118.150,-1.0047,-0.0000,-0.0001,0.0293,0.00,-0.0002,-0.0002,-0.0002
118.200,-1.0062,-0.0000,-0.0001,0.0293,0.00,-0.0002,-0.0002,-0.0002
118.250,-1.0076,-0.0000,-0.0001,0.0293,0.00,-0.0002,-0.0002,-0.0002
118.300,-1.0091,-0.0000,-0.0001,0.0293,0.00,-0.0002,-0.0002,-0.0002
118.350,-1.0105,-0.0000,-0.0001,0.0293,0.00,-0.0002,-0.0002,-0.0002
118.400,-1.0120,-0.0000,-0.0001,0.0293,0.00,-0.0002,-0.0002,-0.0002
118.450,-1.0135,-0.0000,-0.0001,0.0293,0.00,-0.0002,-0.0002,-0.0002
118.500,-1.0149,-0.0000,-0.0001,0.0293,0.00,-0.0002,-0.0002,-0.0002
118.550,-1.0164,-0.0000,-0.0001,0.0293,0.00,-0.0002,-0.0002,-0.0002
118.600,-1.0179,-0.0000,-0.0001,0.0293,0.00,-0.0002,-0.0002,-0.0002
118.650,-1.0193,-0.0000,-0.0001,0.0293,0.00,-0.0002,-0.0002,-0.0002
118.700,-1.0208,-0.0000,-0.0001,0.0293,0.00,-0.0002,-0.0002,-0.0002
118.750,-1.0223,-0.0000,-0.0001,0.0293,0.00,-0.0002,-0.0002,-0.0002
118.800,-1.0237,-0.0000,-0.0001,0.0293,0.00,-0.0002,-0.0002,-0.0002
118.850,-1.0252,-0.0000,-0.0001,0.0293,0.00,-0.0002,-0.0002,-0.0002
118.900,-1.0266,-0.0000,-0.0001,0.0293,0.00,-0.0002,-0.0002,-0.0002
118.950,-1.0281,-0.0000,-0.0001,0.0293,0.00,-0.0002,-0.0002,-0.0002
119.000,-1.0296,-0.0000,-0.0001,0.0293,0.00,-0.0002,-0.0002,-0.0002
119.050,-1.0310,-0.0000,-0.0001,0.0293,0.00,-0.0002,-0.0002,-0.0002
119.100,-1.0325,-0.0000,-0.0001,0.0293,0.00,-0.0002,-0.0002,-0.0002
119.150,-1.0340,-0.0000,-0.0001,0.0293,0.00,-0.0002,-0.0002,-0.0002
119.200,-1.0354,-0.0000,-0.0001,0.0293,0.00,-0.0002,-0.0002,-0.0002
119.250,-1.0369,-0.0000,-0.0001,0.0293,0.00,-0.0002,-0.0002,-0.0002
119.300,-1.0384,-0.0000,-0.0001,0.0293,0.00,-0.0002,-0.0002,-0.0002
119.350,-1.0398,-0.0000,-0.0001,0.0293,0.00,-0.0002,-0.0002,-0.0002
119.400,-1.0413,-0.0000,-0.0001,0.0293,0.00,-0.0002,-0.0002,-0.0002
119.450,-1.0428,-0.0000,-0.0001,0.0293,0.00,-0.0002,-0.0002,-0.0002
119.500,-1.0442,-0.0000,-0.0001,0.0293,0.00,-0.0002,-0.0002,-0.0002
119.550,-1.0457,-0.0000,-0.0001,0.0293,0.00,-0.0002,-0.0002,-0.0002
119.600,-1.0471,-0.0000,-0.0001,0.0293,0.00,-0.0002,-0.0002,-0.0002
119.650,-1.0486,-0.0000,-0.0001,0.0293,0.00,-0.0002,-0.0002,-0.0002
119.700,-1.0501,-0.0000,-0.0001,0.0293,0.00,-0.0002,-0.0002,-0.0002
119.750,-1.0515,-0.0000,-0.0001,0.0293,0.00,-0.0002,-0.0002,-0.0002
119.800,-1.0530,-0.0000,-0.0001,0.0293,0.00,-0.0002,-0.0002,-0.0002
119.850,-1.0545,-0.0000,-0.0001,0.0293,0.00,-0.0002,-0.0002,-0.0002
119.900,-1.0559,-0.0000,-0.0001,0.0293,0.00,-0.0002,-0.0002,-0.0002
119.950,-1.0574,-0.0000,-0.0001,0.0293,0.00,-0.0002,-0.0002,-0.0002
120.000,-1.0589,-0.0000,-0.0001,0.0293,0.00,-0.0002,-0.0002,-0.0002
